log_id,consumer_id,category_id,search_query,search_lat,search_lng,searched_at
1,4,2,Coca-Cola,14.64112000,121.06610000,2026-07-01 07:22:34
2,28,2,Milo,14.63890000,121.06385000,2026-07-01 07:25:28
3,20,3,Chippy,14.64310000,121.06470000,2026-07-01 07:39:34
4,8,1,Cooking Oil,14.63890000,121.06385000,2026-07-01 08:29:06
5,30,2,Coca-Cola,14.63890000,121.06385000,2026-07-01 08:40:15
6,19,6,Ballpen,14.64067907,121.06565020,2026-07-01 09:59:23
7,18,1,Cooking Oil,14.64112000,121.06610000,2026-07-01 10:12:15
8,15,1,Corned Beef,14.63890000,121.06385000,2026-07-01 10:42:18
9,7,2,Sprite,14.63890000,121.06385000,2026-07-01 11:18:45
10,11,3,Nova Multigrain,14.64205000,121.06725000,2026-07-01 11:42:32
11,28,1,Corned Beef,14.63890000,121.06385000,2026-07-01 13:57:59
12,29,1,Lucky Me Pancit Canton,14.64112000,121.06610000,2026-07-01 14:46:57
13,26,5,Ariel Sunrise Fresh,14.63890000,121.06385000,2026-07-01 15:39:16
14,12,1,Silver Swan Soy Sauce,14.64205000,121.06725000,2026-07-01 15:41:43
15,23,3,Piattos Cheese,14.64310000,121.06470000,2026-07-01 16:42:32
16,9,2,Milo,14.64112000,121.06610000,2026-07-01 17:02:26
17,25,2,Sprite,14.64310000,121.06470000,2026-07-01 17:44:33
18,9,5,Downy Fabric Conditioner,14.64112000,121.06610000,2026-07-01 17:47:56
19,26,1,Corned Beef,14.64112000,121.06610000,2026-07-01 17:50:03
20,21,4,Safeguard Soap,14.64310000,121.06470000,2026-07-01 17:56:15
21,20,1,Silver Swan Soy Sauce,14.64205000,121.06725000,2026-07-01 18:13:05
22,21,5,Zonrox Bleach,14.63890000,121.06385000,2026-07-01 18:23:27
23,24,1,Silver Swan Soy Sauce,14.63890000,121.06385000,2026-07-01 18:24:58
24,30,2,Wilkins Water,14.63985000,121.06490000,2026-07-01 18:34:33
25,18,2,Sprite,14.64112000,121.06610000,2026-07-01 18:53:04
26,9,1,Cooking Oil,14.64067907,121.06565020,2026-07-01 18:59:18
27,17,3,Nova Multigrain,14.64112000,121.06610000,2026-07-01 19:07:35
28,13,3,Fita Crackers,14.64205000,121.06725000,2026-07-01 19:34:43
29,24,1,Lucky Me Pancit Canton,14.64112000,121.06610000,2026-07-01 19:36:43
30,8,5,Zonrox Bleach,14.63985000,121.06490000,2026-07-01 19:45:21
31,4,5,Downy Fabric Conditioner,14.64112000,121.06610000,2026-07-01 19:52:44
32,21,1,Cooking Oil,14.64067907,121.06565020,2026-07-01 20:14:27
33,11,2,Sprite,14.63890000,121.06385000,2026-07-01 20:17:15
34,12,1,Silver Swan Soy Sauce,14.64112000,121.06610000,2026-07-01 20:23:33
35,30,2,Coca-Cola,14.63985000,121.06490000,2026-07-01 20:29:27
36,8,1,Cooking Oil,14.64112000,121.06610000,2026-07-01 20:49:45
37,2,4,Cream Silk,14.64310000,121.06470000,2026-07-01 20:56:20
38,7,1,Cooking Oil,14.64205000,121.06725000,2026-07-01 21:38:45
39,2,4,Colgate Toothpaste,14.64067907,121.06565020,2026-07-01 21:40:34
40,8,2,Coca-Cola,14.64112000,121.06610000,2026-07-01 21:55:49
41,12,2,Milo,14.64112000,121.06610000,2026-07-01 21:58:04
42,7,2,Wilkins Water,14.64112000,121.06610000,2026-07-02 08:18:03
43,9,1,Cooking Oil,14.64310000,121.06470000,2026-07-02 08:37:16
44,11,4,Head & Shoulders,14.63985000,121.06490000,2026-07-02 09:06:05
45,12,1,Silver Swan Soy Sauce,14.64067907,121.06565020,2026-07-02 09:57:25
46,5,3,Fita Crackers,14.63985000,121.06490000,2026-07-02 10:09:16
47,12,6,Eveready Batteries,14.64067907,121.06565020,2026-07-02 10:45:48
48,13,1,Silver Swan Soy Sauce,14.64067907,121.06565020,2026-07-02 10:53:57
49,27,5,Ariel Sunrise Fresh,14.64067907,121.06565020,2026-07-02 12:04:50
50,3,1,Lucky Me Pancit Canton,14.64310000,121.06470000,2026-07-02 12:18:17
51,24,2,Milo,14.63985000,121.06490000,2026-07-02 12:40:09
52,17,2,Wilkins Water,14.64205000,121.06725000,2026-07-02 13:24:26
53,27,5,Downy Fabric Conditioner,14.63890000,121.06385000,2026-07-02 13:25:06
54,28,2,Wilkins Water,14.63985000,121.06490000,2026-07-02 14:13:33
55,28,3,Chippy,14.63890000,121.06385000,2026-07-02 14:21:37
56,21,3,Nova Multigrain,14.64067907,121.06565020,2026-07-02 15:36:47
57,10,5,Surf Detergent,14.64112000,121.06610000,2026-07-02 16:16:55
58,20,1,Corned Beef,14.64205000,121.06725000,2026-07-02 16:51:58
59,14,2,Milo,14.64205000,121.06725000,2026-07-02 17:21:10
60,15,1,Lucky Me Pancit Canton,14.63985000,121.06490000,2026-07-02 18:07:06
61,28,4,Safeguard Soap,14.64205000,121.06725000,2026-07-02 18:32:07
62,7,5,Downy Fabric Conditioner,14.64310000,121.06470000,2026-07-02 18:38:47
63,2,1,Corned Beef,14.64112000,121.06610000,2026-07-02 18:41:12
64,3,1,Cooking Oil,14.64112000,121.06610000,2026-07-02 18:47:23
65,30,4,Cream Silk,14.64067907,121.06565020,2026-07-02 18:59:12
66,16,1,Silver Swan Soy Sauce,14.64112000,121.06610000,2026-07-02 19:04:32
67,24,5,Downy Fabric Conditioner,14.64112000,121.06610000,2026-07-02 19:05:28
68,9,1,Silver Swan Soy Sauce,14.64112000,121.06610000,2026-07-02 19:22:41
69,22,5,Zonrox Bleach,14.64310000,121.06470000,2026-07-02 19:51:30
70,13,5,Zonrox Bleach,14.64205000,121.06725000,2026-07-02 19:59:48
71,4,4,Head & Shoulders,14.64310000,121.06470000,2026-07-02 20:13:31
72,22,3,Nova Multigrain,14.64205000,121.06725000,2026-07-02 20:47:08
73,11,3,Nova Multigrain,14.64067907,121.06565020,2026-07-02 20:54:45
74,22,5,Surf Detergent,14.64205000,121.06725000,2026-07-02 21:13:19
75,4,4,Colgate Toothpaste,14.64205000,121.06725000,2026-07-02 21:20:46
76,22,3,Nova Multigrain,14.64067907,121.06565020,2026-07-02 21:33:43
77,10,4,Safeguard Soap,14.63890000,121.06385000,2026-07-02 21:33:53
78,22,2,Sprite,14.64205000,121.06725000,2026-07-02 22:38:00
79,6,2,Sprite,14.63985000,121.06490000,2026-07-02 22:53:35
80,20,4,Colgate Toothpaste,14.64112000,121.06610000,2026-07-03 07:04:54
81,15,4,Cream Silk,14.64112000,121.06610000,2026-07-03 07:54:45
82,20,1,Silver Swan Soy Sauce,14.64310000,121.06470000,2026-07-03 09:06:13
83,22,2,Sprite,14.63985000,121.06490000,2026-07-03 09:16:37
84,17,1,Silver Swan Soy Sauce,14.63890000,121.06385000,2026-07-03 09:31:21
85,2,3,Nova Multigrain,14.64310000,121.06470000,2026-07-03 11:08:02
86,11,1,Cooking Oil,14.64067907,121.06565020,2026-07-03 11:10:50
87,2,1,Cooking Oil,14.64112000,121.06610000,2026-07-03 11:15:33
88,29,3,Chippy,14.64205000,121.06725000,2026-07-03 11:42:34
89,6,1,Cooking Oil,14.64310000,121.06470000,2026-07-03 12:06:19
90,18,2,Coca-Cola,14.63890000,121.06385000,2026-07-03 12:09:08
91,3,1,Lucky Me Pancit Canton,14.63985000,121.06490000,2026-07-03 12:30:45
92,25,1,Cooking Oil,14.64112000,121.06610000,2026-07-03 12:46:24
93,4,4,Colgate Toothpaste,14.64067907,121.06565020,2026-07-03 12:50:27
94,22,1,Corned Beef,14.63890000,121.06385000,2026-07-03 12:52:24
95,18,3,Piattos Cheese,14.64067907,121.06565020,2026-07-03 12:52:25
96,2,2,Milo,14.64310000,121.06470000,2026-07-03 13:10:18
97,2,4,Colgate Toothpaste,14.64067907,121.06565020,2026-07-03 13:17:47
98,30,5,Surf Detergent,14.63985000,121.06490000,2026-07-03 13:49:41
99,30,5,Zonrox Bleach,14.64205000,121.06725000,2026-07-03 14:08:07
100,8,1,Silver Swan Soy Sauce,14.64310000,121.06470000,2026-07-03 15:35:49
101,13,6,Ballpen,14.64112000,121.06610000,2026-07-03 15:37:07
102,7,5,Surf Detergent,14.63890000,121.06385000,2026-07-03 16:20:36
103,25,6,Hard Copy Bond Paper A4,14.64205000,121.06725000,2026-07-03 16:40:18
104,7,5,Ariel Sunrise Fresh,14.64112000,121.06610000,2026-07-03 17:00:54
105,17,3,Fita Crackers,14.64205000,121.06725000,2026-07-03 17:21:53
106,12,1,Lucky Me Pancit Canton,14.64205000,121.06725000,2026-07-03 17:36:02
107,23,2,Coca-Cola,14.63985000,121.06490000,2026-07-03 17:54:29
108,9,1,Corned Beef,14.63890000,121.06385000,2026-07-03 17:54:44
109,16,5,Zonrox Bleach,14.64310000,121.06470000,2026-07-03 18:04:40
110,24,3,Chippy,14.64310000,121.06470000,2026-07-03 18:04:54
111,21,1,Silver Swan Soy Sauce,14.64205000,121.06725000,2026-07-03 18:11:48
112,15,5,Zonrox Bleach,14.64112000,121.06610000,2026-07-03 18:31:28
113,23,1,Corned Beef,14.63985000,121.06490000,2026-07-03 18:37:47
114,15,3,Fita Crackers,14.64205000,121.06725000,2026-07-03 18:40:15
115,10,1,Lucky Me Pancit Canton,14.64205000,121.06725000,2026-07-03 18:42:19
116,23,2,Milo,14.64112000,121.06610000,2026-07-03 18:56:38
117,26,4,Colgate Toothpaste,14.64205000,121.06725000,2026-07-03 18:57:28
118,1,1,Lucky Me Pancit Canton,14.63985000,121.06490000,2026-07-03 19:04:45
119,26,1,Lucky Me Pancit Canton,14.64067907,121.06565020,2026-07-03 19:05:27
120,4,4,Cream Silk,14.63985000,121.06490000,2026-07-03 19:10:16
121,18,4,Colgate Toothpaste,14.64067907,121.06565020,2026-07-03 19:18:53
122,21,1,Lucky Me Pancit Canton,14.64205000,121.06725000,2026-07-03 19:22:48
123,25,2,Sprite,14.64067907,121.06565020,2026-07-03 19:26:33
124,8,2,Sprite,14.64112000,121.06610000,2026-07-03 19:27:27
125,23,2,Milo,14.63985000,121.06490000,2026-07-03 19:38:28
126,20,6,Ballpen,14.63890000,121.06385000,2026-07-03 19:48:29
127,17,5,Zonrox Bleach,14.63985000,121.06490000,2026-07-03 19:56:12
128,11,4,Safeguard Soap,14.64310000,121.06470000,2026-07-03 19:58:00
129,22,2,Sprite,14.64310000,121.06470000,2026-07-03 20:11:31
130,15,2,Sprite,14.64205000,121.06725000,2026-07-03 20:12:57
131,19,5,Zonrox Bleach,14.64310000,121.06470000,2026-07-03 20:20:26
132,30,5,Ariel Sunrise Fresh,14.63985000,121.06490000,2026-07-03 20:20:49
133,13,2,Wilkins Water,14.63890000,121.06385000,2026-07-03 20:37:37
134,19,2,Coca-Cola,14.64067907,121.06565020,2026-07-03 20:43:02
135,5,2,Wilkins Water,14.64205000,121.06725000,2026-07-03 21:19:06
136,15,1,Silver Swan Soy Sauce,14.64112000,121.06610000,2026-07-04 09:16:06
137,30,1,Corned Beef,14.64112000,121.06610000,2026-07-04 09:58:33
138,27,3,Piattos Cheese,14.63890000,121.06385000,2026-07-04 10:03:41
139,29,1,Corned Beef,14.63890000,121.06385000,2026-07-04 10:33:54
140,20,2,Milo,14.63985000,121.06490000,2026-07-04 10:51:26
141,30,5,Zonrox Bleach,14.63985000,121.06490000,2026-07-04 11:15:33
142,19,1,Lucky Me Pancit Canton,14.64205000,121.06725000,2026-07-04 11:18:58
143,2,4,Safeguard Soap,14.63985000,121.06490000,2026-07-04 11:52:17
144,25,2,Milo,14.63985000,121.06490000,2026-07-04 12:30:44
145,24,1,Corned Beef,14.64205000,121.06725000,2026-07-04 13:07:46
146,7,2,Sprite,14.64067907,121.06565020,2026-07-04 13:56:50
147,26,2,Coca-Cola,14.64067907,121.06565020,2026-07-04 14:03:19
148,10,5,Surf Detergent,14.64112000,121.06610000,2026-07-04 14:20:16
149,10,1,Silver Swan Soy Sauce,14.64067907,121.06565020,2026-07-04 14:45:20
150,8,3,Piattos Cheese,14.64310000,121.06470000,2026-07-04 15:02:19
151,4,2,Coca-Cola,14.64067907,121.06565020,2026-07-04 15:14:26
152,1,2,Sprite,14.64310000,121.06470000,2026-07-04 15:44:50
153,26,4,Head & Shoulders,14.63890000,121.06385000,2026-07-04 16:12:09
154,7,5,Zonrox Bleach,14.64112000,121.06610000,2026-07-04 16:34:11
155,24,3,Fita Crackers,14.64112000,121.06610000,2026-07-04 16:36:17
156,24,5,Downy Fabric Conditioner,14.64112000,121.06610000,2026-07-04 16:56:44
157,20,5,Ariel Sunrise Fresh,14.64067907,121.06565020,2026-07-04 17:15:28
158,8,2,Milo,14.64205000,121.06725000,2026-07-04 17:16:00
159,12,3,Chippy,14.63985000,121.06490000,2026-07-04 17:18:46
160,2,3,Piattos Cheese,14.64205000,121.06725000,2026-07-04 17:29:01
161,11,1,Lucky Me Pancit Canton,14.63985000,121.06490000,2026-07-04 17:43:00
162,2,2,Wilkins Water,14.63985000,121.06490000,2026-07-04 17:49:34
163,18,4,Head & Shoulders,14.63985000,121.06490000,2026-07-04 17:50:17
164,6,1,Corned Beef,14.64205000,121.06725000,2026-07-04 17:51:01
165,20,6,Ballpen,14.64205000,121.06725000,2026-07-04 17:55:00
166,12,1,Silver Swan Soy Sauce,14.64067907,121.06565020,2026-07-04 18:03:01
167,26,1,Silver Swan Soy Sauce,14.63890000,121.06385000,2026-07-04 18:09:22
168,8,6,Eveready Batteries,14.63890000,121.06385000,2026-07-04 18:12:17
169,22,2,Sprite,14.64067907,121.06565020,2026-07-04 18:17:39
170,6,2,Wilkins Water,14.63985000,121.06490000,2026-07-04 18:20:26
171,9,6,Hard Copy Bond Paper A4,14.63890000,121.06385000,2026-07-04 18:35:19
172,25,2,Sprite,14.64205000,121.06725000,2026-07-04 18:35:44
173,8,1,Cooking Oil,14.64205000,121.06725000,2026-07-04 18:59:59
174,2,6,Aluminum Foil,14.64067907,121.06565020,2026-07-04 19:12:00
175,1,2,Wilkins Water,14.64205000,121.06725000,2026-07-04 19:14:28
176,11,6,Eveready Batteries,14.64067907,121.06565020,2026-07-04 19:15:09
177,15,3,Fita Crackers,14.64112000,121.06610000,2026-07-04 19:15:13
178,17,3,Fita Crackers,14.64067907,121.06565020,2026-07-04 19:21:36
179,17,1,Lucky Me Pancit Canton,14.63985000,121.06490000,2026-07-04 19:25:04
180,10,1,Lucky Me Pancit Canton,14.63985000,121.06490000,2026-07-04 19:26:39
181,25,5,Downy Fabric Conditioner,14.64310000,121.06470000,2026-07-04 19:48:01
182,29,1,Silver Swan Soy Sauce,14.63890000,121.06385000,2026-07-04 19:50:30
183,22,4,Head & Shoulders,14.64067907,121.06565020,2026-07-04 19:52:47
184,20,2,Milo,14.64310000,121.06470000,2026-07-04 19:55:59
185,20,1,Cooking Oil,14.64112000,121.06610000,2026-07-04 19:58:26
186,7,4,Head & Shoulders,14.64205000,121.06725000,2026-07-04 20:18:24
187,4,4,Head & Shoulders,14.63890000,121.06385000,2026-07-04 20:19:20
188,20,5,Downy Fabric Conditioner,14.63890000,121.06385000,2026-07-04 20:19:23
189,19,3,Chippy,14.64310000,121.06470000,2026-07-04 20:21:25
190,1,3,Piattos Cheese,14.63985000,121.06490000,2026-07-04 20:34:44
191,1,6,Aluminum Foil,14.64067907,121.06565020,2026-07-04 20:43:26
192,17,1,Silver Swan Soy Sauce,14.63890000,121.06385000,2026-07-04 20:45:30
193,17,1,Lucky Me Pancit Canton,14.64112000,121.06610000,2026-07-04 20:45:45
194,9,6,Aluminum Foil,14.64310000,121.06470000,2026-07-04 20:53:23
195,10,1,Cooking Oil,14.64067907,121.06565020,2026-07-04 21:10:45
196,16,4,Colgate Toothpaste,14.63985000,121.06490000,2026-07-04 21:19:29
197,11,1,Corned Beef,14.64205000,121.06725000,2026-07-04 21:28:57
198,25,3,Chippy,14.64205000,121.06725000,2026-07-04 21:37:49
199,8,1,Cooking Oil,14.63985000,121.06490000,2026-07-04 22:07:42
200,30,4,Colgate Toothpaste,14.63890000,121.06385000,2026-07-04 22:31:01
201,3,2,Wilkins Water,14.64310000,121.06470000,2026-07-04 22:58:27
202,16,1,Lucky Me Pancit Canton,14.63890000,121.06385000,2026-07-05 07:48:44
203,9,1,Corned Beef,14.64310000,121.06470000,2026-07-05 10:05:37
204,9,2,Milo,14.64310000,121.06470000,2026-07-05 10:32:17
205,6,3,Fita Crackers,14.63985000,121.06490000,2026-07-05 11:48:49
206,22,2,Sprite,14.64067907,121.06565020,2026-07-05 12:58:03
207,9,1,Corned Beef,14.64067907,121.06565020,2026-07-05 13:08:18
208,16,1,Corned Beef,14.63985000,121.06490000,2026-07-05 13:39:29
209,5,5,Zonrox Bleach,14.63985000,121.06490000,2026-07-05 13:41:31
210,11,3,Fita Crackers,14.63985000,121.06490000,2026-07-05 13:44:23
211,30,5,Ariel Sunrise Fresh,14.63985000,121.06490000,2026-07-05 14:01:17
212,11,2,Wilkins Water,14.64310000,121.06470000,2026-07-05 14:20:19
213,12,4,Head & Shoulders,14.63985000,121.06490000,2026-07-05 14:22:58
214,13,3,Fita Crackers,14.64205000,121.06725000,2026-07-05 14:47:51
215,13,4,Safeguard Soap,14.63985000,121.06490000,2026-07-05 14:59:14
216,29,5,Ariel Sunrise Fresh,14.64112000,121.06610000,2026-07-05 15:05:46
217,27,1,Silver Swan Soy Sauce,14.63985000,121.06490000,2026-07-05 15:44:13
218,20,4,Colgate Toothpaste,14.63985000,121.06490000,2026-07-05 15:49:30
219,15,5,Downy Fabric Conditioner,14.64205000,121.06725000,2026-07-05 16:06:45
220,25,2,Wilkins Water,14.63890000,121.06385000,2026-07-05 16:29:32
221,11,3,Chippy,14.64205000,121.06725000,2026-07-05 16:49:44
222,7,5,Surf Detergent,14.64310000,121.06470000,2026-07-05 16:54:37
223,13,1,Lucky Me Pancit Canton,14.64205000,121.06725000,2026-07-05 17:14:25
224,7,2,Wilkins Water,14.64067907,121.06565020,2026-07-05 17:14:34
225,5,5,Surf Detergent,14.63985000,121.06490000,2026-07-05 17:18:54
226,15,4,Cream Silk,14.64112000,121.06610000,2026-07-05 17:23:21
227,24,5,Zonrox Bleach,14.64310000,121.06470000,2026-07-05 17:24:32
228,10,1,Cooking Oil,14.64205000,121.06725000,2026-07-05 17:37:03
229,2,2,Milo,14.64112000,121.06610000,2026-07-05 17:51:34
230,18,6,Hard Copy Bond Paper A4,14.63985000,121.06490000,2026-07-05 17:53:28
231,16,4,Head & Shoulders,14.63890000,121.06385000,2026-07-05 18:01:28
232,29,1,Corned Beef,14.64112000,121.06610000,2026-07-05 18:10:11
233,4,4,Safeguard Soap,14.64205000,121.06725000,2026-07-05 18:19:29
234,16,3,Piattos Cheese,14.64112000,121.06610000,2026-07-05 18:40:21
235,24,5,Surf Detergent,14.64310000,121.06470000,2026-07-05 18:43:41
236,26,2,Coca-Cola,14.63890000,121.06385000,2026-07-05 18:47:59
237,25,1,Cooking Oil,14.64205000,121.06725000,2026-07-05 19:23:17
238,28,2,Coca-Cola,14.63985000,121.06490000,2026-07-05 19:23:52
239,29,2,Milo,14.63890000,121.06385000,2026-07-05 19:25:35
240,10,5,Ariel Sunrise Fresh,14.64112000,121.06610000,2026-07-05 19:37:36
241,6,6,Eveready Batteries,14.64067907,121.06565020,2026-07-05 19:40:09
242,12,4,Head & Shoulders,14.64205000,121.06725000,2026-07-05 19:44:31
243,25,4,Colgate Toothpaste,14.64205000,121.06725000,2026-07-05 19:56:03
244,20,1,Lucky Me Pancit Canton,14.64112000,121.06610000,2026-07-05 20:06:07
245,21,2,Sprite,14.64310000,121.06470000,2026-07-05 20:07:40
246,24,1,Corned Beef,14.64112000,121.06610000,2026-07-05 20:09:42
247,23,2,Wilkins Water,14.64112000,121.06610000,2026-07-05 20:11:25
248,11,3,Piattos Cheese,14.64067907,121.06565020,2026-07-05 20:12:43
249,21,4,Head & Shoulders,14.63890000,121.06385000,2026-07-05 20:37:09
250,27,1,Lucky Me Pancit Canton,14.64310000,121.06470000,2026-07-05 20:38:40
251,15,3,Piattos Cheese,14.64310000,121.06470000,2026-07-05 20:42:12
252,18,2,Wilkins Water,14.63985000,121.06490000,2026-07-05 20:42:46
253,19,1,Lucky Me Pancit Canton,14.64112000,121.06610000,2026-07-05 20:44:31
254,29,1,Cooking Oil,14.64112000,121.06610000,2026-07-05 20:45:47
255,28,2,Milo,14.63985000,121.06490000,2026-07-05 21:00:04
256,13,3,Nova Multigrain,14.64067907,121.06565020,2026-07-05 21:11:59
257,20,3,Nova Multigrain,14.64112000,121.06610000,2026-07-05 21:14:18
258,24,3,Fita Crackers,14.63985000,121.06490000,2026-07-05 21:21:26
259,20,6,Hard Copy Bond Paper A4,14.64067907,121.06565020,2026-07-05 21:23:28
260,7,1,Cooking Oil,14.64112000,121.06610000,2026-07-05 21:27:05
261,8,1,Cooking Oil,14.64067907,121.06565020,2026-07-05 21:39:50
262,18,2,Sprite,14.63985000,121.06490000,2026-07-05 21:45:18
263,19,2,Coca-Cola,14.64205000,121.06725000,2026-07-05 21:50:47
264,15,5,Ariel Sunrise Fresh,14.64112000,121.06610000,2026-07-05 21:56:00
265,30,5,Zonrox Bleach,14.64067907,121.06565020,2026-07-05 22:10:57
266,9,5,Ariel Sunrise Fresh,14.64112000,121.06610000,2026-07-05 22:11:49
267,9,5,Downy Fabric Conditioner,14.64067907,121.06565020,2026-07-05 22:22:16
268,23,1,Silver Swan Soy Sauce,14.64112000,121.06610000,2026-07-05 22:50:23
269,9,3,Chippy,14.64205000,121.06725000,2026-07-06 10:23:32
270,27,2,Milo,14.63890000,121.06385000,2026-07-06 10:46:57
271,22,2,Coca-Cola,14.64310000,121.06470000,2026-07-06 11:10:49
272,20,4,Cream Silk,14.63985000,121.06490000,2026-07-06 11:25:19
273,21,6,Eveready Batteries,14.64205000,121.06725000,2026-07-06 11:58:14
274,12,3,Chippy,14.64310000,121.06470000,2026-07-06 12:07:53
275,4,1,Silver Swan Soy Sauce,14.64067907,121.06565020,2026-07-06 12:33:44
276,10,2,Sprite,14.64112000,121.06610000,2026-07-06 13:07:59
277,13,4,Head & Shoulders,14.63985000,121.06490000,2026-07-06 13:14:17
278,27,2,Milo,14.64205000,121.06725000,2026-07-06 13:39:06
279,18,2,Wilkins Water,14.64205000,121.06725000,2026-07-06 13:48:33
280,24,2,Wilkins Water,14.64205000,121.06725000,2026-07-06 13:58:49
281,17,2,Sprite,14.64205000,121.06725000,2026-07-06 15:19:05
282,7,1,Corned Beef,14.64205000,121.06725000,2026-07-06 15:41:25
283,5,2,Sprite,14.64067907,121.06565020,2026-07-06 16:40:18
284,2,2,Wilkins Water,14.64067907,121.06565020,2026-07-06 17:12:31
285,14,4,Safeguard Soap,14.64112000,121.06610000,2026-07-06 18:12:48
286,9,2,Milo,14.63890000,121.06385000,2026-07-06 19:33:59
287,16,5,Ariel Sunrise Fresh,14.63985000,121.06490000,2026-07-06 19:42:06
288,18,5,Downy Fabric Conditioner,14.64205000,121.06725000,2026-07-06 19:52:43
289,29,1,Lucky Me Pancit Canton,14.64310000,121.06470000,2026-07-06 19:53:26
290,12,1,Cooking Oil,14.64067907,121.06565020,2026-07-06 19:57:58
291,30,1,Lucky Me Pancit Canton,14.64112000,121.06610000,2026-07-06 19:58:43
292,7,1,Corned Beef,14.64112000,121.06610000,2026-07-06 20:04:52
293,11,5,Ariel Sunrise Fresh,14.64310000,121.06470000,2026-07-06 20:17:10
294,7,5,Zonrox Bleach,14.64067907,121.06565020,2026-07-06 20:42:28
295,18,2,Milo,14.64067907,121.06565020,2026-07-06 20:47:04
296,16,1,Silver Swan Soy Sauce,14.63985000,121.06490000,2026-07-06 21:23:35
297,29,1,Lucky Me Pancit Canton,14.64205000,121.06725000,2026-07-06 21:39:56
298,15,3,Fita Crackers,14.63890000,121.06385000,2026-07-06 22:12:49
299,18,2,Sprite,14.64310000,121.06470000,2026-07-06 22:20:36
300,25,1,Lucky Me Pancit Canton,14.63890000,121.06385000,2026-07-06 22:52:58
301,26,6,Eveready Batteries,14.64067907,121.06565020,2026-07-07 08:26:28
302,20,1,Cooking Oil,14.64205000,121.06725000,2026-07-07 09:30:14
303,5,3,Piattos Cheese,14.64112000,121.06610000,2026-07-07 10:15:56
304,17,2,Milo,14.64067907,121.06565020,2026-07-07 10:42:21
305,3,3,Nova Multigrain,14.63985000,121.06490000,2026-07-07 11:06:41
306,29,1,Cooking Oil,14.63985000,121.06490000,2026-07-07 11:11:46
307,17,6,Aluminum Foil,14.64067907,121.06565020,2026-07-07 11:44:04
308,23,4,Colgate Toothpaste,14.63985000,121.06490000,2026-07-07 12:00:30
309,1,5,Ariel Sunrise Fresh,14.63890000,121.06385000,2026-07-07 12:01:29
310,16,3,Fita Crackers,14.64112000,121.06610000,2026-07-07 12:07:59
311,8,2,Wilkins Water,14.64205000,121.06725000,2026-07-07 12:08:13
312,9,2,Sprite,14.63890000,121.06385000,2026-07-07 12:22:00
313,22,1,Silver Swan Soy Sauce,14.63890000,121.06385000,2026-07-07 12:41:18
314,9,4,Safeguard Soap,14.64205000,121.06725000,2026-07-07 12:46:58
315,30,3,Piattos Cheese,14.63985000,121.06490000,2026-07-07 12:48:55
316,5,2,Coca-Cola,14.64067907,121.06565020,2026-07-07 13:08:51
317,28,1,Silver Swan Soy Sauce,14.64067907,121.06565020,2026-07-07 13:17:20
318,6,5,Ariel Sunrise Fresh,14.64205000,121.06725000,2026-07-07 13:19:02
319,7,3,Chippy,14.63985000,121.06490000,2026-07-07 13:31:49
320,15,3,Chippy,14.63890000,121.06385000,2026-07-07 14:10:02
321,11,1,Silver Swan Soy Sauce,14.64067907,121.06565020,2026-07-07 14:16:49
322,25,3,Fita Crackers,14.64310000,121.06470000,2026-07-07 14:27:24
323,15,3,Nova Multigrain,14.64112000,121.06610000,2026-07-07 14:30:31
324,12,2,Coca-Cola,14.64310000,121.06470000,2026-07-07 14:38:33
325,18,5,Downy Fabric Conditioner,14.64310000,121.06470000,2026-07-07 15:00:59
326,11,2,Coca-Cola,14.63890000,121.06385000,2026-07-07 15:28:25
327,23,3,Chippy,14.63890000,121.06385000,2026-07-07 15:28:43
328,1,3,Chippy,14.63985000,121.06490000,2026-07-07 15:53:40
329,30,1,Corned Beef,14.64205000,121.06725000,2026-07-07 16:48:59
330,18,1,Corned Beef,14.64112000,121.06610000,2026-07-07 17:06:11
331,22,1,Corned Beef,14.64310000,121.06470000,2026-07-07 17:58:35
332,8,3,Piattos Cheese,14.63890000,121.06385000,2026-07-07 18:25:43
333,8,5,Zonrox Bleach,14.63985000,121.06490000,2026-07-07 18:34:46
334,1,3,Nova Multigrain,14.64067907,121.06565020,2026-07-07 18:36:08
335,30,1,Corned Beef,14.64310000,121.06470000,2026-07-07 18:42:51
336,17,1,Silver Swan Soy Sauce,14.63985000,121.06490000,2026-07-07 19:01:40
337,23,5,Zonrox Bleach,14.64205000,121.06725000,2026-07-07 19:07:27
338,23,2,Sprite,14.64067907,121.06565020,2026-07-07 19:10:35
339,3,1,Silver Swan Soy Sauce,14.64205000,121.06725000,2026-07-07 19:13:23
340,27,1,Corned Beef,14.64112000,121.06610000,2026-07-07 19:22:28
341,22,4,Head & Shoulders,14.63985000,121.06490000,2026-07-07 19:49:28
342,12,3,Chippy,14.63890000,121.06385000,2026-07-07 19:57:57
343,7,2,Coca-Cola,14.63890000,121.06385000,2026-07-07 20:05:31
344,25,3,Piattos Cheese,14.63985000,121.06490000,2026-07-07 20:07:42
345,23,3,Piattos Cheese,14.64067907,121.06565020,2026-07-07 20:16:48
346,15,3,Piattos Cheese,14.64112000,121.06610000,2026-07-07 20:47:23
347,29,1,Corned Beef,14.64310000,121.06470000,2026-07-07 20:48:19
348,18,2,Wilkins Water,14.64205000,121.06725000,2026-07-07 21:43:13
349,24,1,Lucky Me Pancit Canton,14.64067907,121.06565020,2026-07-07 21:45:53
350,2,1,Corned Beef,14.64205000,121.06725000,2026-07-07 21:48:13
351,7,1,Lucky Me Pancit Canton,14.64310000,121.06470000,2026-07-07 22:14:34
352,20,1,Corned Beef,14.64310000,121.06470000,2026-07-07 22:24:24
353,22,1,Silver Swan Soy Sauce,14.64205000,121.06725000,2026-07-07 22:33:03
354,18,1,Lucky Me Pancit Canton,14.63890000,121.06385000,2026-07-07 22:43:23
355,22,5,Surf Detergent,14.64310000,121.06470000,2026-07-08 07:45:12
356,22,1,Lucky Me Pancit Canton,14.64067907,121.06565020,2026-07-08 08:37:51
357,15,2,Coca-Cola,14.64067907,121.06565020,2026-07-08 10:12:18
358,18,1,Lucky Me Pancit Canton,14.64067907,121.06565020,2026-07-08 10:48:15
359,23,3,Chippy,14.64112000,121.06610000,2026-07-08 10:49:04
360,14,4,Head & Shoulders,14.63985000,121.06490000,2026-07-08 12:07:02
361,2,2,Milo,14.64310000,121.06470000,2026-07-08 12:22:06
362,28,1,Silver Swan Soy Sauce,14.63890000,121.06385000,2026-07-08 13:22:01
363,14,1,Corned Beef,14.63985000,121.06490000,2026-07-08 13:51:54
364,11,1,Cooking Oil,14.63890000,121.06385000,2026-07-08 14:43:37
365,11,3,Chippy,14.63890000,121.06385000,2026-07-08 15:08:15
366,2,4,Cream Silk,14.64067907,121.06565020,2026-07-08 15:36:41
367,8,3,Fita Crackers,14.64205000,121.06725000,2026-07-08 15:51:24
368,8,4,Safeguard Soap,14.64112000,121.06610000,2026-07-08 17:49:37
369,16,3,Nova Multigrain,14.64205000,121.06725000,2026-07-08 18:04:48
370,30,5,Surf Detergent,14.64112000,121.06610000,2026-07-08 18:35:12
371,18,2,Coca-Cola,14.64067907,121.06565020,2026-07-08 18:39:41
372,11,4,Colgate Toothpaste,14.63985000,121.06490000,2026-07-08 18:51:21
373,18,1,Silver Swan Soy Sauce,14.63985000,121.06490000,2026-07-08 19:14:58
374,2,6,Aluminum Foil,14.64205000,121.06725000,2026-07-08 19:27:13
375,28,3,Nova Multigrain,14.64205000,121.06725000,2026-07-08 19:29:30
376,4,3,Chippy,14.64067907,121.06565020,2026-07-08 19:36:05
377,11,5,Zonrox Bleach,14.64205000,121.06725000,2026-07-08 19:38:06
378,11,2,Milo,14.64067907,121.06565020,2026-07-08 19:40:29
379,24,4,Safeguard Soap,14.63985000,121.06490000,2026-07-08 20:32:20
380,26,1,Silver Swan Soy Sauce,14.64067907,121.06565020,2026-07-08 21:08:37
381,14,2,Sprite,14.64067907,121.06565020,2026-07-08 21:13:52
382,22,3,Nova Multigrain,14.63890000,121.06385000,2026-07-08 21:24:20
383,28,3,Piattos Cheese,14.63985000,121.06490000,2026-07-08 21:41:25
384,8,5,Zonrox Bleach,14.63890000,121.06385000,2026-07-08 21:48:35
385,15,4,Safeguard Soap,14.64112000,121.06610000,2026-07-08 21:55:06
386,22,3,Chippy,14.63890000,121.06385000,2026-07-08 21:59:32
387,20,1,Corned Beef,14.63985000,121.06490000,2026-07-08 22:10:29
388,5,2,Coca-Cola,14.63985000,121.06490000,2026-07-09 07:55:59
389,7,1,Lucky Me Pancit Canton,14.64205000,121.06725000,2026-07-09 09:32:06
390,11,2,Coca-Cola,14.64112000,121.06610000,2026-07-09 10:41:20
391,18,2,Wilkins Water,14.64112000,121.06610000,2026-07-09 10:53:58
392,25,2,Milo,14.63985000,121.06490000,2026-07-09 11:45:57
393,14,2,Coca-Cola,14.64067907,121.06565020,2026-07-09 11:46:48
394,2,1,Corned Beef,14.64067907,121.06565020,2026-07-09 12:42:25
395,21,2,Coca-Cola,14.63985000,121.06490000,2026-07-09 13:10:02
396,24,2,Wilkins Water,14.64067907,121.06565020,2026-07-09 13:10:36
397,26,5,Surf Detergent,14.64205000,121.06725000,2026-07-09 13:24:29
398,30,5,Zonrox Bleach,14.63890000,121.06385000,2026-07-09 13:41:48
399,13,1,Cooking Oil,14.64310000,121.06470000,2026-07-09 14:37:23
400,10,3,Chippy,14.64205000,121.06725000,2026-07-09 14:43:31
401,10,2,Sprite,14.63985000,121.06490000,2026-07-09 15:10:39
402,23,3,Nova Multigrain,14.64112000,121.06610000,2026-07-09 15:24:36
403,27,4,Cream Silk,14.64112000,121.06610000,2026-07-09 16:35:32
404,3,3,Fita Crackers,14.64112000,121.06610000,2026-07-09 16:47:37
405,22,1,Silver Swan Soy Sauce,14.63985000,121.06490000,2026-07-09 17:02:06
406,13,4,Colgate Toothpaste,14.64205000,121.06725000,2026-07-09 17:37:37
407,23,5,Zonrox Bleach,14.63985000,121.06490000,2026-07-09 18:08:08
408,12,2,Sprite,14.64067907,121.06565020,2026-07-09 18:15:09
409,26,4,Cream Silk,14.64205000,121.06725000,2026-07-09 18:20:39
410,11,1,Lucky Me Pancit Canton,14.64310000,121.06470000,2026-07-09 18:21:41
411,20,1,Cooking Oil,14.63985000,121.06490000,2026-07-09 18:27:52
412,17,4,Cream Silk,14.64112000,121.06610000,2026-07-09 18:48:38
413,26,3,Piattos Cheese,14.64205000,121.06725000,2026-07-09 19:03:29
414,7,2,Wilkins Water,14.64112000,121.06610000,2026-07-09 19:17:14
415,26,5,Zonrox Bleach,14.64205000,121.06725000,2026-07-09 19:35:12
416,26,3,Fita Crackers,14.63890000,121.06385000,2026-07-09 19:43:27
417,15,5,Zonrox Bleach,14.64112000,121.06610000,2026-07-09 20:03:10
418,30,2,Coca-Cola,14.64310000,121.06470000,2026-07-09 20:15:17
419,22,1,Cooking Oil,14.64310000,121.06470000,2026-07-09 20:56:27
420,13,4,Colgate Toothpaste,14.64112000,121.06610000,2026-07-09 21:52:57
421,29,4,Head & Shoulders,14.64112000,121.06610000,2026-07-09 22:49:17
422,27,5,Downy Fabric Conditioner,14.64205000,121.06725000,2026-07-10 07:31:24
423,19,2,Wilkins Water,14.63985000,121.06490000,2026-07-10 07:51:14
424,18,1,Corned Beef,14.64112000,121.06610000,2026-07-10 10:47:23
425,5,3,Fita Crackers,14.63890000,121.06385000,2026-07-10 10:59:56
426,26,4,Safeguard Soap,14.64310000,121.06470000,2026-07-10 11:05:11
427,20,2,Sprite,14.64205000,121.06725000,2026-07-10 12:33:43
428,28,4,Colgate Toothpaste,14.64205000,121.06725000,2026-07-10 13:54:42
429,24,3,Fita Crackers,14.64112000,121.06610000,2026-07-10 13:59:14
430,3,2,Milo,14.63890000,121.06385000,2026-07-10 14:29:20
431,9,3,Nova Multigrain,14.64067907,121.06565020,2026-07-10 14:46:43
432,17,4,Cream Silk,14.63890000,121.06385000,2026-07-10 15:45:49
433,7,6,Aluminum Foil,14.63890000,121.06385000,2026-07-10 16:01:12
434,7,3,Piattos Cheese,14.64067907,121.06565020,2026-07-10 16:13:21
435,4,4,Safeguard Soap,14.63985000,121.06490000,2026-07-10 16:50:05
436,1,2,Sprite,14.64310000,121.06470000,2026-07-10 17:01:26
437,11,1,Cooking Oil,14.63985000,121.06490000,2026-07-10 17:03:36
438,1,1,Silver Swan Soy Sauce,14.64112000,121.06610000,2026-07-10 17:11:12
439,14,1,Lucky Me Pancit Canton,14.63985000,121.06490000,2026-07-10 17:21:20
440,9,1,Silver Swan Soy Sauce,14.63890000,121.06385000,2026-07-10 17:24:22
441,30,3,Fita Crackers,14.64067907,121.06565020,2026-07-10 17:46:52
442,23,1,Silver Swan Soy Sauce,14.63985000,121.06490000,2026-07-10 17:51:26
443,9,2,Coca-Cola,14.63890000,121.06385000,2026-07-10 17:51:41
444,29,6,Hard Copy Bond Paper A4,14.64205000,121.06725000,2026-07-10 18:41:06
445,17,2,Milo,14.63890000,121.06385000,2026-07-10 18:51:41
446,29,1,Silver Swan Soy Sauce,14.64112000,121.06610000,2026-07-10 18:57:57
447,3,1,Silver Swan Soy Sauce,14.64067907,121.06565020,2026-07-10 19:15:18
448,6,2,Milo,14.64067907,121.06565020,2026-07-10 19:56:49
449,7,2,Sprite,14.64067907,121.06565020,2026-07-10 20:01:11
450,1,1,Cooking Oil,14.64067907,121.06565020,2026-07-10 20:31:00
451,20,5,Ariel Sunrise Fresh,14.63890000,121.06385000,2026-07-10 20:44:29
452,22,5,Surf Detergent,14.63985000,121.06490000,2026-07-10 20:51:59
453,8,4,Cream Silk,14.64067907,121.06565020,2026-07-10 21:01:54
454,20,3,Fita Crackers,14.64112000,121.06610000,2026-07-10 21:37:42
455,22,4,Colgate Toothpaste,14.63890000,121.06385000,2026-07-10 21:49:31
456,1,5,Ariel Sunrise Fresh,14.64205000,121.06725000,2026-07-10 21:53:57
457,29,1,Cooking Oil,14.64310000,121.06470000,2026-07-10 22:00:42
458,24,1,Cooking Oil,14.64310000,121.06470000,2026-07-10 22:31:47
459,22,4,Colgate Toothpaste,14.64310000,121.06470000,2026-07-10 22:53:05
460,16,1,Corned Beef,14.64067907,121.06565020,2026-07-11 08:30:34
461,6,1,Silver Swan Soy Sauce,14.63890000,121.06385000,2026-07-11 08:54:11
462,23,2,Sprite,14.64067907,121.06565020,2026-07-11 08:56:26
463,20,4,Colgate Toothpaste,14.64310000,121.06470000,2026-07-11 09:24:41
464,2,4,Head & Shoulders,14.64205000,121.06725000,2026-07-11 09:43:58
465,20,1,Silver Swan Soy Sauce,14.63985000,121.06490000,2026-07-11 09:56:19
466,28,2,Milo,14.64205000,121.06725000,2026-07-11 10:09:02
467,5,4,Cream Silk,14.64205000,121.06725000,2026-07-11 10:30:56
468,11,2,Coca-Cola,14.64205000,121.06725000,2026-07-11 11:00:55
469,18,2,Sprite,14.64112000,121.06610000,2026-07-11 11:06:10
470,2,1,Silver Swan Soy Sauce,14.64205000,121.06725000,2026-07-11 11:06:33
471,19,1,Silver Swan Soy Sauce,14.64310000,121.06470000,2026-07-11 11:50:45
472,27,4,Colgate Toothpaste,14.63985000,121.06490000,2026-07-11 11:59:43
473,6,2,Sprite,14.63890000,121.06385000,2026-07-11 12:10:55
474,2,4,Colgate Toothpaste,14.63890000,121.06385000,2026-07-11 12:34:56
475,15,4,Head & Shoulders,14.64112000,121.06610000,2026-07-11 13:21:02
476,12,3,Nova Multigrain,14.64112000,121.06610000,2026-07-11 13:29:48
477,8,3,Piattos Cheese,14.64112000,121.06610000,2026-07-11 13:38:21
478,25,1,Cooking Oil,14.64310000,121.06470000,2026-07-11 13:55:15
479,19,1,Cooking Oil,14.63890000,121.06385000,2026-07-11 15:25:19
480,6,2,Wilkins Water,14.63890000,121.06385000,2026-07-11 15:39:39
481,23,2,Sprite,14.64310000,121.06470000,2026-07-11 15:45:50
482,9,2,Milo,14.64067907,121.06565020,2026-07-11 15:57:35
483,12,5,Ariel Sunrise Fresh,14.64067907,121.06565020,2026-07-11 16:03:03
484,19,3,Piattos Cheese,14.64310000,121.06470000,2026-07-11 16:10:22
485,8,1,Cooking Oil,14.64067907,121.06565020,2026-07-11 17:01:57
486,6,1,Corned Beef,14.63890000,121.06385000,2026-07-11 17:03:13
487,15,4,Safeguard Soap,14.64112000,121.06610000,2026-07-11 17:04:00
488,29,1,Cooking Oil,14.64310000,121.06470000,2026-07-11 17:13:25
489,5,4,Head & Shoulders,14.64067907,121.06565020,2026-07-11 17:21:48
490,18,1,Lucky Me Pancit Canton,14.64112000,121.06610000,2026-07-11 17:25:08
491,18,1,Silver Swan Soy Sauce,14.64310000,121.06470000,2026-07-11 17:35:44
492,16,2,Wilkins Water,14.64205000,121.06725000,2026-07-11 17:41:08
493,26,4,Head & Shoulders,14.63985000,121.06490000,2026-07-11 17:50:37
494,15,5,Zonrox Bleach,14.64310000,121.06470000,2026-07-11 17:51:14
495,3,2,Coca-Cola,14.64112000,121.06610000,2026-07-11 18:07:55
496,26,3,Piattos Cheese,14.64205000,121.06725000,2026-07-11 18:20:51
497,6,1,Lucky Me Pancit Canton,14.64067907,121.06565020,2026-07-11 18:30:19
498,15,6,Hard Copy Bond Paper A4,14.63985000,121.06490000,2026-07-11 18:51:43
499,7,2,Coca-Cola,14.64112000,121.06610000,2026-07-11 19:11:20
500,12,6,Hard Copy Bond Paper A4,14.64067907,121.06565020,2026-07-11 19:11:48
501,3,1,Lucky Me Pancit Canton,14.63890000,121.06385000,2026-07-11 19:14:11
502,4,4,Cream Silk,14.64205000,121.06725000,2026-07-11 19:22:04
503,5,3,Nova Multigrain,14.63890000,121.06385000,2026-07-11 19:26:56
504,17,1,Cooking Oil,14.64067907,121.06565020,2026-07-11 19:27:02
505,3,2,Sprite,14.64067907,121.06565020,2026-07-11 19:30:24
506,4,1,Silver Swan Soy Sauce,14.63890000,121.06385000,2026-07-11 19:38:51
507,1,5,Downy Fabric Conditioner,14.64067907,121.06565020,2026-07-11 19:42:40
508,26,1,Corned Beef,14.64310000,121.06470000,2026-07-11 19:43:37
509,28,1,Cooking Oil,14.63985000,121.06490000,2026-07-11 19:47:00
510,11,3,Piattos Cheese,14.64205000,121.06725000,2026-07-11 19:52:45
511,22,2,Milo,14.63985000,121.06490000,2026-07-11 19:55:58
512,21,4,Cream Silk,14.64112000,121.06610000,2026-07-11 20:02:11
513,2,5,Downy Fabric Conditioner,14.64205000,121.06725000,2026-07-11 20:08:26
514,23,3,Nova Multigrain,14.64205000,121.06725000,2026-07-11 20:09:28
515,29,2,Coca-Cola,14.64310000,121.06470000,2026-07-11 20:09:41
516,1,4,Safeguard Soap,14.64067907,121.06565020,2026-07-11 20:15:38
517,26,4,Colgate Toothpaste,14.64310000,121.06470000,2026-07-11 20:15:56
518,10,4,Colgate Toothpaste,14.63890000,121.06385000,2026-07-11 20:22:00
519,27,2,Milo,14.64067907,121.06565020,2026-07-11 20:24:51
520,27,2,Milo,14.63985000,121.06490000,2026-07-11 20:41:28
521,2,1,Lucky Me Pancit Canton,14.64310000,121.06470000,2026-07-11 20:45:54
522,23,4,Head & Shoulders,14.64205000,121.06725000,2026-07-11 20:51:37
523,6,3,Chippy,14.63890000,121.06385000,2026-07-11 20:53:43
524,15,2,Coca-Cola,14.64205000,121.06725000,2026-07-11 20:55:40
525,14,1,Silver Swan Soy Sauce,14.64205000,121.06725000,2026-07-11 21:08:59
526,6,4,Head & Shoulders,14.63890000,121.06385000,2026-07-11 21:11:43
527,11,1,Corned Beef,14.63890000,121.06385000,2026-07-11 21:14:08
528,13,2,Milo,14.64310000,121.06470000,2026-07-11 21:29:33
529,29,4,Cream Silk,14.64310000,121.06470000,2026-07-11 21:33:25
530,24,2,Sprite,14.64067907,121.06565020,2026-07-11 21:42:54
531,12,5,Surf Detergent,14.63985000,121.06490000,2026-07-11 21:48:29
532,19,4,Colgate Toothpaste,14.64205000,121.06725000,2026-07-11 21:58:02
533,15,6,Ballpen,14.64205000,121.06725000,2026-07-11 22:53:37
534,4,2,Wilkins Water,14.63985000,121.06490000,2026-07-12 07:33:14
535,10,1,Lucky Me Pancit Canton,14.63890000,121.06385000,2026-07-12 08:06:18
536,15,3,Chippy,14.64067907,121.06565020,2026-07-12 08:07:07
537,6,2,Wilkins Water,14.63890000,121.06385000,2026-07-12 08:28:39
538,16,1,Silver Swan Soy Sauce,14.64205000,121.06725000,2026-07-12 09:03:58
539,8,1,Lucky Me Pancit Canton,14.63985000,121.06490000,2026-07-12 09:05:09
540,23,2,Milo,14.64112000,121.06610000,2026-07-12 10:28:25
541,29,2,Wilkins Water,14.64067907,121.06565020,2026-07-12 10:45:09
542,4,4,Head & Shoulders,14.64067907,121.06565020,2026-07-12 11:51:15
543,19,2,Sprite,14.64067907,121.06565020,2026-07-12 12:02:47
544,6,1,Corned Beef,14.63985000,121.06490000,2026-07-12 12:03:03
545,20,1,Corned Beef,14.64067907,121.06565020,2026-07-12 12:07:42
546,29,2,Wilkins Water,14.64112000,121.06610000,2026-07-12 12:21:41
547,11,3,Fita Crackers,14.63985000,121.06490000,2026-07-12 12:42:37
548,4,1,Lucky Me Pancit Canton,14.64310000,121.06470000,2026-07-12 12:46:19
549,3,1,Silver Swan Soy Sauce,14.64067907,121.06565020,2026-07-12 13:09:31
550,7,3,Chippy,14.63985000,121.06490000,2026-07-12 13:46:07
551,18,3,Piattos Cheese,14.64067907,121.06565020,2026-07-12 13:53:15
552,12,2,Sprite,14.64205000,121.06725000,2026-07-12 13:59:29
553,7,3,Nova Multigrain,14.63985000,121.06490000,2026-07-12 14:52:09
554,6,2,Coca-Cola,14.64112000,121.06610000,2026-07-12 14:59:54
555,23,5,Ariel Sunrise Fresh,14.64310000,121.06470000,2026-07-12 15:15:36
556,17,4,Safeguard Soap,14.64112000,121.06610000,2026-07-12 15:16:02
557,22,1,Corned Beef,14.64112000,121.06610000,2026-07-12 15:23:16
558,1,2,Coca-Cola,14.63985000,121.06490000,2026-07-12 15:32:58
559,22,1,Cooking Oil,14.63985000,121.06490000,2026-07-12 16:03:47
560,19,1,Cooking Oil,14.64067907,121.06565020,2026-07-12 16:51:36
561,6,3,Chippy,14.64205000,121.06725000,2026-07-12 16:53:36
562,25,1,Lucky Me Pancit Canton,14.64112000,121.06610000,2026-07-12 17:03:22
563,13,5,Downy Fabric Conditioner,14.63985000,121.06490000,2026-07-12 17:16:19
564,24,5,Surf Detergent,14.64112000,121.06610000,2026-07-12 18:00:32
565,26,1,Cooking Oil,14.63890000,121.06385000,2026-07-12 18:03:49
566,26,4,Head & Shoulders,14.64205000,121.06725000,2026-07-12 18:12:29
567,23,2,Milo,14.63890000,121.06385000,2026-07-12 18:21:05
568,14,5,Downy Fabric Conditioner,14.64067907,121.06565020,2026-07-12 18:21:16
569,9,1,Corned Beef,14.63890000,121.06385000,2026-07-12 18:26:07
570,3,1,Lucky Me Pancit Canton,14.63985000,121.06490000,2026-07-12 18:33:23
571,14,1,Lucky Me Pancit Canton,14.64310000,121.06470000,2026-07-12 18:47:33
572,29,5,Downy Fabric Conditioner,14.63985000,121.06490000,2026-07-12 18:51:43
573,2,6,Eveready Batteries,14.64310000,121.06470000,2026-07-12 18:55:26
574,10,2,Sprite,14.64112000,121.06610000,2026-07-12 19:15:55
575,21,4,Head & Shoulders,14.64112000,121.06610000,2026-07-12 19:18:52
576,30,3,Fita Crackers,14.63985000,121.06490000,2026-07-12 19:34:55
577,21,2,Coca-Cola,14.63985000,121.06490000,2026-07-12 19:41:37
578,10,1,Silver Swan Soy Sauce,14.64310000,121.06470000,2026-07-12 19:43:51
579,17,2,Sprite,14.63890000,121.06385000,2026-07-12 19:46:44
580,24,1,Silver Swan Soy Sauce,14.64205000,121.06725000,2026-07-12 19:47:02
581,11,1,Cooking Oil,14.64112000,121.06610000,2026-07-12 19:49:07
582,13,1,Cooking Oil,14.63890000,121.06385000,2026-07-12 19:58:03
583,18,1,Cooking Oil,14.64112000,121.06610000,2026-07-12 20:09:16
584,10,3,Piattos Cheese,14.64205000,121.06725000,2026-07-12 20:11:16
585,21,1,Silver Swan Soy Sauce,14.64112000,121.06610000,2026-07-12 20:33:08
586,16,1,Silver Swan Soy Sauce,14.64112000,121.06610000,2026-07-12 20:34:15
587,7,6,Ballpen,14.64112000,121.06610000,2026-07-12 20:38:41
588,8,1,Cooking Oil,14.63890000,121.06385000,2026-07-12 20:42:03
589,29,3,Chippy,14.64310000,121.06470000,2026-07-12 20:48:52
590,16,1,Cooking Oil,14.64205000,121.06725000,2026-07-12 20:49:14
591,9,1,Lucky Me Pancit Canton,14.63890000,121.06385000,2026-07-12 20:56:44
592,18,1,Corned Beef,14.63985000,121.06490000,2026-07-12 20:59:44
593,15,4,Cream Silk,14.64112000,121.06610000,2026-07-12 21:11:07
594,25,3,Fita Crackers,14.63890000,121.06385000,2026-07-12 21:18:16
595,26,2,Sprite,14.63890000,121.06385000,2026-07-12 21:31:24
596,22,6,Eveready Batteries,14.63890000,121.06385000,2026-07-12 21:33:48
597,5,1,Cooking Oil,14.64310000,121.06470000,2026-07-12 21:34:52
598,27,4,Cream Silk,14.64112000,121.06610000,2026-07-12 21:46:18
599,22,2,Milo,14.64310000,121.06470000,2026-07-13 07:21:01
600,30,6,Eveready Batteries,14.64205000,121.06725000,2026-07-13 08:40:54
601,25,4,Safeguard Soap,14.63985000,121.06490000,2026-07-13 08:58:00
602,30,4,Cream Silk,14.64205000,121.06725000,2026-07-13 08:58:58
603,25,2,Sprite,14.64205000,121.06725000,2026-07-13 09:01:55
604,6,4,Cream Silk,14.64205000,121.06725000,2026-07-13 09:47:49
605,22,1,Cooking Oil,14.64067907,121.06565020,2026-07-13 11:14:41
606,11,2,Coca-Cola,14.64112000,121.06610000,2026-07-13 11:38:52
607,24,2,Sprite,14.64205000,121.06725000,2026-07-13 12:51:14
608,17,3,Chippy,14.64112000,121.06610000,2026-07-13 12:55:43
609,8,2,Coca-Cola,14.64112000,121.06610000,2026-07-13 12:58:42
610,6,4,Safeguard Soap,14.64112000,121.06610000,2026-07-13 13:02:57
611,4,3,Piattos Cheese,14.64067907,121.06565020,2026-07-13 13:20:48
612,2,4,Head & Shoulders,14.63985000,121.06490000,2026-07-13 13:37:46
613,6,2,Coca-Cola,14.63985000,121.06490000,2026-07-13 13:49:12
614,23,1,Corned Beef,14.64067907,121.06565020,2026-07-13 13:54:51
615,19,1,Silver Swan Soy Sauce,14.63890000,121.06385000,2026-07-13 13:56:39
616,20,1,Silver Swan Soy Sauce,14.64310000,121.06470000,2026-07-13 14:08:57
617,23,4,Colgate Toothpaste,14.63985000,121.06490000,2026-07-13 14:32:29
618,14,2,Wilkins Water,14.64112000,121.06610000,2026-07-13 14:44:00
619,11,2,Milo,14.63985000,121.06490000,2026-07-13 15:12:18
620,12,2,Sprite,14.64067907,121.06565020,2026-07-13 17:14:33
621,20,3,Nova Multigrain,14.64112000,121.06610000,2026-07-13 17:43:24
622,6,5,Zonrox Bleach,14.64205000,121.06725000,2026-07-13 18:00:09
623,7,1,Lucky Me Pancit Canton,14.64067907,121.06565020,2026-07-13 18:01:18
624,13,2,Wilkins Water,14.64112000,121.06610000,2026-07-13 18:04:57
625,24,1,Cooking Oil,14.64205000,121.06725000,2026-07-13 18:09:40
626,1,4,Safeguard Soap,14.63890000,121.06385000,2026-07-13 18:18:20
627,18,2,Milo,14.63890000,121.06385000,2026-07-13 18:28:10
628,15,2,Coca-Cola,14.64112000,121.06610000,2026-07-13 18:34:00
629,23,1,Cooking Oil,14.64112000,121.06610000,2026-07-13 18:50:21
630,1,5,Surf Detergent,14.64067907,121.06565020,2026-07-13 18:59:00
631,1,3,Piattos Cheese,14.64205000,121.06725000,2026-07-13 19:00:40
632,11,3,Fita Crackers,14.64112000,121.06610000,2026-07-13 19:15:59
633,17,2,Milo,14.64067907,121.06565020,2026-07-13 19:21:00
634,26,3,Fita Crackers,14.64112000,121.06610000,2026-07-13 19:25:48
635,28,2,Milo,14.64205000,121.06725000,2026-07-13 19:30:48
636,27,1,Cooking Oil,14.64205000,121.06725000,2026-07-13 19:33:51
637,15,1,Lucky Me Pancit Canton,14.64310000,121.06470000,2026-07-13 19:43:56
638,19,4,Safeguard Soap,14.64112000,121.06610000,2026-07-13 20:09:24
639,17,1,Corned Beef,14.63890000,121.06385000,2026-07-13 21:27:15
640,19,1,Silver Swan Soy Sauce,14.64112000,121.06610000,2026-07-13 21:30:47
641,3,1,Lucky Me Pancit Canton,14.64310000,121.06470000,2026-07-13 21:46:29
642,2,6,Ballpen,14.64310000,121.06470000,2026-07-13 21:56:24
643,13,2,Coca-Cola,14.63890000,121.06385000,2026-07-13 22:13:40
644,9,3,Nova Multigrain,14.64310000,121.06470000,2026-07-13 22:51:05
645,27,1,Corned Beef,14.63985000,121.06490000,2026-07-14 07:22:10
646,27,5,Ariel Sunrise Fresh,14.64310000,121.06470000,2026-07-14 08:19:40
647,24,2,Sprite,14.64205000,121.06725000,2026-07-14 08:43:43
648,6,1,Cooking Oil,14.64205000,121.06725000,2026-07-14 08:58:29
649,22,4,Safeguard Soap,14.64310000,121.06470000,2026-07-14 09:55:02
650,20,1,Lucky Me Pancit Canton,14.63890000,121.06385000,2026-07-14 10:41:47
651,22,1,Lucky Me Pancit Canton,14.64205000,121.06725000,2026-07-14 10:52:32
652,30,3,Piattos Cheese,14.64112000,121.06610000,2026-07-14 11:15:02
653,9,3,Fita Crackers,14.63985000,121.06490000,2026-07-14 12:40:55
654,22,3,Nova Multigrain,14.64112000,121.06610000,2026-07-14 12:44:34
655,5,2,Sprite,14.63985000,121.06490000,2026-07-14 12:53:23
656,8,1,Silver Swan Soy Sauce,14.64205000,121.06725000,2026-07-14 13:19:31
657,26,1,Cooking Oil,14.64205000,121.06725000,2026-07-14 14:56:18
658,17,5,Downy Fabric Conditioner,14.63985000,121.06490000,2026-07-14 15:40:06
659,12,3,Nova Multigrain,14.63890000,121.06385000,2026-07-14 15:56:21
660,4,6,Hard Copy Bond Paper A4,14.64112000,121.06610000,2026-07-14 16:15:37
661,6,4,Head & Shoulders,14.63985000,121.06490000,2026-07-14 16:47:27
662,19,4,Colgate Toothpaste,14.63890000,121.06385000,2026-07-14 17:06:15
663,26,1,Cooking Oil,14.64112000,121.06610000,2026-07-14 17:07:09
664,26,2,Sprite,14.64067907,121.06565020,2026-07-14 17:19:50
665,18,3,Nova Multigrain,14.64067907,121.06565020,2026-07-14 18:10:15
666,11,5,Downy Fabric Conditioner,14.63890000,121.06385000,2026-07-14 18:24:03
667,29,5,Surf Detergent,14.64310000,121.06470000,2026-07-14 18:24:05
668,1,5,Zonrox Bleach,14.64205000,121.06725000,2026-07-14 18:24:33
669,10,5,Ariel Sunrise Fresh,14.64205000,121.06725000,2026-07-14 18:33:07
670,1,1,Lucky Me Pancit Canton,14.64310000,121.06470000,2026-07-14 18:43:06
671,7,3,Fita Crackers,14.64310000,121.06470000,2026-07-14 18:46:16
672,29,5,Downy Fabric Conditioner,14.63985000,121.06490000,2026-07-14 19:04:53
673,14,2,Sprite,14.64205000,121.06725000,2026-07-14 19:06:09
674,25,1,Lucky Me Pancit Canton,14.64067907,121.06565020,2026-07-14 19:21:16
675,5,1,Lucky Me Pancit Canton,14.64205000,121.06725000,2026-07-14 19:22:10
676,20,1,Cooking Oil,14.64112000,121.06610000,2026-07-14 19:24:54
677,21,6,Ballpen,14.63890000,121.06385000,2026-07-14 19:39:55
678,12,6,Hard Copy Bond Paper A4,14.63985000,121.06490000,2026-07-14 19:40:06
679,19,1,Silver Swan Soy Sauce,14.64310000,121.06470000,2026-07-14 19:45:37
680,1,4,Colgate Toothpaste,14.64112000,121.06610000,2026-07-14 19:54:13
681,23,2,Wilkins Water,14.63985000,121.06490000,2026-07-14 19:57:40
682,21,1,Cooking Oil,14.64067907,121.06565020,2026-07-14 20:16:58
683,26,5,Surf Detergent,14.63890000,121.06385000,2026-07-14 20:41:30
684,7,4,Cream Silk,14.63985000,121.06490000,2026-07-14 20:48:07
685,23,2,Wilkins Water,14.64310000,121.06470000,2026-07-14 20:54:09
686,26,6,Hard Copy Bond Paper A4,14.63985000,121.06490000,2026-07-14 21:55:47
687,23,3,Piattos Cheese,14.64067907,121.06565020,2026-07-15 07:53:49
688,3,4,Safeguard Soap,14.64205000,121.06725000,2026-07-15 09:23:35
689,27,3,Nova Multigrain,14.64067907,121.06565020,2026-07-15 11:06:09
690,10,1,Lucky Me Pancit Canton,14.63890000,121.06385000,2026-07-15 11:47:22
691,18,2,Coca-Cola,14.64112000,121.06610000,2026-07-15 12:27:31
692,9,5,Surf Detergent,14.64067907,121.06565020,2026-07-15 12:40:26
693,21,1,Lucky Me Pancit Canton,14.64205000,121.06725000,2026-07-15 12:43:17
694,5,3,Fita Crackers,14.63890000,121.06385000,2026-07-15 12:50:00
695,12,1,Cooking Oil,14.64205000,121.06725000,2026-07-15 13:15:54
696,29,2,Coca-Cola,14.64112000,121.06610000,2026-07-15 13:50:25
697,6,1,Cooking Oil,14.63890000,121.06385000,2026-07-15 14:16:29
698,9,2,Coca-Cola,14.64310000,121.06470000,2026-07-15 15:11:51
699,11,5,Surf Detergent,14.63985000,121.06490000,2026-07-15 16:25:41
700,14,3,Fita Crackers,14.64067907,121.06565020,2026-07-15 16:48:17
701,28,3,Chippy,14.64205000,121.06725000,2026-07-15 17:14:57
702,27,4,Colgate Toothpaste,14.64205000,121.06725000,2026-07-15 17:20:46
703,3,1,Lucky Me Pancit Canton,14.64067907,121.06565020,2026-07-15 18:06:16
704,27,2,Coca-Cola,14.63985000,121.06490000,2026-07-15 18:21:48
705,6,2,Milo,14.63985000,121.06490000,2026-07-15 19:08:51
706,5,1,Silver Swan Soy Sauce,14.64067907,121.06565020,2026-07-15 19:15:06
707,14,3,Nova Multigrain,14.63890000,121.06385000,2026-07-15 19:21:44
708,5,3,Nova Multigrain,14.64205000,121.06725000,2026-07-15 20:05:05
709,26,1,Corned Beef,14.64310000,121.06470000,2026-07-15 20:08:28
710,16,4,Head & Shoulders,14.63890000,121.06385000,2026-07-15 20:09:20
711,16,1,Silver Swan Soy Sauce,14.64205000,121.06725000,2026-07-15 20:46:51
712,2,4,Colgate Toothpaste,14.64310000,121.06470000,2026-07-15 20:51:32
713,17,1,Cooking Oil,14.64067907,121.06565020,2026-07-15 21:16:25
714,15,3,Nova Multigrain,14.63890000,121.06385000,2026-07-16 07:26:13
715,4,2,Sprite,14.63890000,121.06385000,2026-07-16 07:34:40
716,16,2,Sprite,14.64112000,121.06610000,2026-07-16 08:38:09
717,17,4,Colgate Toothpaste,14.64112000,121.06610000,2026-07-16 10:05:37
718,24,2,Sprite,14.64310000,121.06470000,2026-07-16 10:11:28
719,10,1,Silver Swan Soy Sauce,14.63985000,121.06490000,2026-07-16 10:50:59
720,26,2,Coca-Cola,14.64310000,121.06470000,2026-07-16 11:28:53
721,24,5,Ariel Sunrise Fresh,14.63985000,121.06490000,2026-07-16 11:48:48
722,3,5,Ariel Sunrise Fresh,14.63890000,121.06385000,2026-07-16 13:17:36
723,18,3,Fita Crackers,14.64112000,121.06610000,2026-07-16 13:54:46
724,8,4,Head & Shoulders,14.64310000,121.06470000,2026-07-16 14:05:00
725,6,6,Ballpen,14.64205000,121.06725000,2026-07-16 15:06:46
726,3,2,Coca-Cola,14.64310000,121.06470000,2026-07-16 15:48:25
727,30,2,Milo,14.64067907,121.06565020,2026-07-16 17:10:48
728,8,3,Chippy,14.64310000,121.06470000,2026-07-16 17:34:04
729,18,4,Cream Silk,14.64205000,121.06725000,2026-07-16 17:36:23
730,24,1,Cooking Oil,14.63985000,121.06490000,2026-07-16 17:40:35
731,28,3,Piattos Cheese,14.63985000,121.06490000,2026-07-16 17:46:52
732,9,2,Sprite,14.64205000,121.06725000,2026-07-16 17:58:55
733,9,4,Cream Silk,14.64205000,121.06725000,2026-07-16 18:11:23
734,9,1,Cooking Oil,14.64067907,121.06565020,2026-07-16 18:11:44
735,17,1,Lucky Me Pancit Canton,14.64310000,121.06470000,2026-07-16 18:14:40
736,26,3,Piattos Cheese,14.64205000,121.06725000,2026-07-16 18:30:56
737,13,2,Milo,14.64205000,121.06725000,2026-07-16 18:32:51
738,3,3,Nova Multigrain,14.64310000,121.06470000,2026-07-16 18:56:26
739,1,4,Head & Shoulders,14.63890000,121.06385000,2026-07-16 19:04:58
740,11,5,Zonrox Bleach,14.64067907,121.06565020,2026-07-16 19:09:34
741,25,1,Silver Swan Soy Sauce,14.64067907,121.06565020,2026-07-16 19:16:30
742,14,2,Milo,14.64067907,121.06565020,2026-07-16 19:21:11
743,22,1,Silver Swan Soy Sauce,14.64310000,121.06470000,2026-07-16 19:24:17
744,30,2,Sprite,14.64205000,121.06725000,2026-07-16 19:54:38
745,4,2,Milo,14.64067907,121.06565020,2026-07-16 20:04:55
746,18,3,Chippy,14.64310000,121.06470000,2026-07-16 20:10:32
747,9,4,Head & Shoulders,14.64067907,121.06565020,2026-07-16 20:44:09
748,4,2,Coca-Cola,14.63985000,121.06490000,2026-07-16 20:44:50
749,16,6,Eveready Batteries,14.64310000,121.06470000,2026-07-16 20:56:45
750,8,4,Cream Silk,14.63890000,121.06385000,2026-07-16 21:24:33
751,19,4,Safeguard Soap,14.63985000,121.06490000,2026-07-16 21:25:38
752,22,3,Nova Multigrain,14.64067907,121.06565020,2026-07-16 21:30:58
753,13,1,Lucky Me Pancit Canton,14.63890000,121.06385000,2026-07-16 21:39:12
754,30,2,Wilkins Water,14.63985000,121.06490000,2026-07-16 21:43:24
755,4,4,Head & Shoulders,14.63985000,121.06490000,2026-07-16 21:59:11
756,30,3,Nova Multigrain,14.64205000,121.06725000,2026-07-17 07:23:13
757,29,5,Zonrox Bleach,14.63890000,121.06385000,2026-07-17 07:58:02
758,22,1,Cooking Oil,14.64112000,121.06610000,2026-07-17 08:44:01
759,5,5,Ariel Sunrise Fresh,14.64310000,121.06470000,2026-07-17 08:57:13
760,16,2,Wilkins Water,14.64310000,121.06470000,2026-07-17 09:05:00
761,29,4,Head & Shoulders,14.64112000,121.06610000,2026-07-17 09:56:34
762,7,5,Ariel Sunrise Fresh,14.64112000,121.06610000,2026-07-17 12:21:26
763,30,4,Colgate Toothpaste,14.63890000,121.06385000,2026-07-17 12:49:25
764,28,3,Chippy,14.64205000,121.06725000,2026-07-17 13:09:06
765,17,3,Nova Multigrain,14.64067907,121.06565020,2026-07-17 13:23:19
766,20,4,Safeguard Soap,14.64067907,121.06565020,2026-07-17 13:37:22
767,25,2,Coca-Cola,14.64067907,121.06565020,2026-07-17 13:39:55
768,7,4,Head & Shoulders,14.63985000,121.06490000,2026-07-17 14:15:53
769,23,1,Silver Swan Soy Sauce,14.63890000,121.06385000,2026-07-17 15:33:57
770,6,1,Corned Beef,14.63890000,121.06385000,2026-07-17 16:04:15
771,20,1,Corned Beef,14.63890000,121.06385000,2026-07-17 16:16:50
772,23,1,Corned Beef,14.64310000,121.06470000,2026-07-17 16:52:01
773,19,4,Cream Silk,14.63890000,121.06385000,2026-07-17 16:52:59
774,28,4,Cream Silk,14.64205000,121.06725000,2026-07-17 17:30:47
775,19,1,Cooking Oil,14.63890000,121.06385000,2026-07-17 17:34:47
776,12,3,Piattos Cheese,14.64310000,121.06470000,2026-07-17 17:41:37
777,16,1,Cooking Oil,14.63890000,121.06385000,2026-07-17 18:24:24
778,14,1,Cooking Oil,14.63890000,121.06385000,2026-07-17 18:33:25
779,15,3,Fita Crackers,14.64067907,121.06565020,2026-07-17 18:48:42
780,24,6,Aluminum Foil,14.64067907,121.06565020,2026-07-17 18:52:45
781,21,4,Colgate Toothpaste,14.64205000,121.06725000,2026-07-17 18:55:42
782,13,1,Lucky Me Pancit Canton,14.64112000,121.06610000,2026-07-17 19:00:15
783,14,1,Lucky Me Pancit Canton,14.63985000,121.06490000,2026-07-17 19:22:37
784,27,2,Milo,14.64067907,121.06565020,2026-07-17 19:24:49
785,30,5,Downy Fabric Conditioner,14.63890000,121.06385000,2026-07-17 19:25:50
786,15,2,Milo,14.64112000,121.06610000,2026-07-17 19:34:52
787,18,1,Corned Beef,14.63985000,121.06490000,2026-07-17 19:36:10
788,6,2,Sprite,14.63890000,121.06385000,2026-07-17 19:42:00
789,24,1,Corned Beef,14.63890000,121.06385000,2026-07-17 20:05:15
790,18,1,Cooking Oil,14.64112000,121.06610000,2026-07-17 20:22:55
791,7,2,Sprite,14.63985000,121.06490000,2026-07-17 20:25:24
792,3,1,Cooking Oil,14.64310000,121.06470000,2026-07-17 20:26:22
793,9,4,Head & Shoulders,14.63985000,121.06490000,2026-07-17 20:32:56
794,3,1,Silver Swan Soy Sauce,14.64205000,121.06725000,2026-07-17 20:37:27
795,26,5,Zonrox Bleach,14.64205000,121.06725000,2026-07-17 20:38:40
796,15,4,Safeguard Soap,14.64310000,121.06470000,2026-07-17 20:41:10
797,25,1,Corned Beef,14.64067907,121.06565020,2026-07-17 21:23:17
798,26,1,Cooking Oil,14.63985000,121.06490000,2026-07-17 21:33:53
799,20,1,Silver Swan Soy Sauce,14.64205000,121.06725000,2026-07-17 21:36:18
800,7,1,Lucky Me Pancit Canton,14.63985000,121.06490000,2026-07-17 21:55:58
801,1,5,Surf Detergent,14.64205000,121.06725000,2026-07-17 22:17:01
802,1,3,Nova Multigrain,14.64205000,121.06725000,2026-07-17 22:18:18
803,8,1,Silver Swan Soy Sauce,14.63985000,121.06490000,2026-07-18 08:04:32
804,28,1,Cooking Oil,14.63890000,121.06385000,2026-07-18 08:15:12
805,9,3,Fita Crackers,14.63890000,121.06385000,2026-07-18 08:41:43
806,26,1,Silver Swan Soy Sauce,14.64310000,121.06470000,2026-07-18 09:03:12
807,13,1,Lucky Me Pancit Canton,14.64067907,121.06565020,2026-07-18 09:11:11
808,6,2,Coca-Cola,14.64310000,121.06470000,2026-07-18 09:55:55
809,29,2,Coca-Cola,14.64112000,121.06610000,2026-07-18 11:02:25
810,29,3,Chippy,14.64067907,121.06565020,2026-07-18 11:14:35
811,23,1,Corned Beef,14.64067907,121.06565020,2026-07-18 11:35:12
812,8,3,Chippy,14.64112000,121.06610000,2026-07-18 11:37:45
813,3,1,Silver Swan Soy Sauce,14.64205000,121.06725000,2026-07-18 12:15:56
814,28,1,Lucky Me Pancit Canton,14.64067907,121.06565020,2026-07-18 12:17:27
815,30,1,Cooking Oil,14.64310000,121.06470000,2026-07-18 12:32:07
816,8,3,Nova Multigrain,14.64310000,121.06470000,2026-07-18 12:34:11
817,4,2,Milo,14.64067907,121.06565020,2026-07-18 12:50:26
818,16,3,Chippy,14.64112000,121.06610000,2026-07-18 13:10:48
819,28,1,Cooking Oil,14.64067907,121.06565020,2026-07-18 13:11:12
820,15,2,Coca-Cola,14.64112000,121.06610000,2026-07-18 13:17:34
821,20,3,Nova Multigrain,14.64112000,121.06610000,2026-07-18 13:38:14
822,27,2,Coca-Cola,14.64067907,121.06565020,2026-07-18 13:41:27
823,5,2,Coca-Cola,14.64067907,121.06565020,2026-07-18 13:58:26
824,14,5,Surf Detergent,14.64205000,121.06725000,2026-07-18 14:02:27
825,24,2,Coca-Cola,14.63890000,121.06385000,2026-07-18 14:05:15
826,8,4,Head & Shoulders,14.64067907,121.06565020,2026-07-18 14:25:13
827,1,1,Silver Swan Soy Sauce,14.63985000,121.06490000,2026-07-18 15:16:05
828,1,2,Wilkins Water,14.64112000,121.06610000,2026-07-18 15:20:52
829,15,2,Wilkins Water,14.64205000,121.06725000,2026-07-18 15:29:09
830,15,6,Ballpen,14.64310000,121.06470000,2026-07-18 15:45:00
831,4,1,Cooking Oil,14.63985000,121.06490000,2026-07-18 15:47:21
832,2,3,Nova Multigrain,14.64067907,121.06565020,2026-07-18 15:48:30
833,28,4,Colgate Toothpaste,14.64205000,121.06725000,2026-07-18 15:48:31
834,11,3,Chippy,14.64067907,121.06565020,2026-07-18 15:50:55
835,4,3,Piattos Cheese,14.64205000,121.06725000,2026-07-18 15:54:42
836,11,4,Cream Silk,14.63890000,121.06385000,2026-07-18 16:04:07
837,14,4,Safeguard Soap,14.63985000,121.06490000,2026-07-18 16:12:47
838,19,4,Head & Shoulders,14.64067907,121.06565020,2026-07-18 16:13:31
839,6,5,Downy Fabric Conditioner,14.64310000,121.06470000,2026-07-18 16:35:26
840,13,4,Head & Shoulders,14.63890000,121.06385000,2026-07-18 16:37:04
841,19,1,Silver Swan Soy Sauce,14.64112000,121.06610000,2026-07-18 16:40:55
842,21,3,Piattos Cheese,14.64112000,121.06610000,2026-07-18 16:41:06
843,11,1,Corned Beef,14.64112000,121.06610000,2026-07-18 16:46:41
844,24,2,Wilkins Water,14.63890000,121.06385000,2026-07-18 17:14:46
845,1,1,Corned Beef,14.63985000,121.06490000,2026-07-18 17:20:58
846,24,6,Aluminum Foil,14.64067907,121.06565020,2026-07-18 17:27:30
847,3,2,Milo,14.63985000,121.06490000,2026-07-18 17:27:46
848,1,4,Head & Shoulders,14.64205000,121.06725000,2026-07-18 17:52:41
849,27,3,Chippy,14.64067907,121.06565020,2026-07-18 18:05:02
850,19,4,Safeguard Soap,14.64112000,121.06610000,2026-07-18 18:10:41
851,1,1,Cooking Oil,14.64112000,121.06610000,2026-07-18 18:30:32
852,27,5,Ariel Sunrise Fresh,14.64112000,121.06610000,2026-07-18 18:31:37
853,24,4,Colgate Toothpaste,14.64310000,121.06470000,2026-07-18 18:42:10
854,6,5,Zonrox Bleach,14.63985000,121.06490000,2026-07-18 18:42:46
855,10,2,Wilkins Water,14.64067907,121.06565020,2026-07-18 18:46:38
856,5,2,Sprite,14.64310000,121.06470000,2026-07-18 19:04:30
857,28,3,Fita Crackers,14.64067907,121.06565020,2026-07-18 19:14:48
858,11,4,Safeguard Soap,14.63890000,121.06385000,2026-07-18 19:15:35
859,19,1,Silver Swan Soy Sauce,14.64112000,121.06610000,2026-07-18 19:19:02
860,28,4,Cream Silk,14.64112000,121.06610000,2026-07-18 19:30:18
861,20,2,Coca-Cola,14.63890000,121.06385000,2026-07-18 19:32:11
862,1,5,Zonrox Bleach,14.64310000,121.06470000,2026-07-18 19:43:24
863,27,6,Ballpen,14.64310000,121.06470000,2026-07-18 19:44:36
864,14,2,Wilkins Water,14.63985000,121.06490000,2026-07-18 19:50:04
865,2,2,Wilkins Water,14.64067907,121.06565020,2026-07-18 20:15:29
866,15,1,Silver Swan Soy Sauce,14.64310000,121.06470000,2026-07-18 20:15:39
867,2,3,Nova Multigrain,14.64067907,121.06565020,2026-07-18 20:21:39
868,30,3,Fita Crackers,14.63890000,121.06385000,2026-07-18 20:22:05
869,18,1,Silver Swan Soy Sauce,14.64310000,121.06470000,2026-07-18 20:22:43
870,27,3,Piattos Cheese,14.64310000,121.06470000,2026-07-18 20:28:08
871,19,1,Lucky Me Pancit Canton,14.64067907,121.06565020,2026-07-18 20:29:57
872,7,1,Silver Swan Soy Sauce,14.64205000,121.06725000,2026-07-18 20:33:51
873,25,2,Milo,14.64205000,121.06725000,2026-07-18 20:36:19
874,16,2,Coca-Cola,14.63890000,121.06385000,2026-07-18 20:36:51
875,15,1,Lucky Me Pancit Canton,14.64205000,121.06725000,2026-07-18 20:38:03
876,7,1,Lucky Me Pancit Canton,14.64310000,121.06470000,2026-07-18 20:47:05
877,7,4,Head & Shoulders,14.64205000,121.06725000,2026-07-18 20:50:05
878,16,3,Chippy,14.64067907,121.06565020,2026-07-18 20:53:22
879,24,3,Piattos Cheese,14.64205000,121.06725000,2026-07-18 20:54:08
880,27,2,Wilkins Water,14.64310000,121.06470000,2026-07-18 20:54:34
881,12,1,Silver Swan Soy Sauce,14.63890000,121.06385000,2026-07-18 20:58:26
882,14,3,Chippy,14.63890000,121.06385000,2026-07-18 21:05:42
883,4,1,Cooking Oil,14.64112000,121.06610000,2026-07-18 21:42:33
884,19,3,Piattos Cheese,14.64310000,121.06470000,2026-07-18 21:56:36
885,3,2,Sprite,14.64112000,121.06610000,2026-07-18 22:01:35
886,1,1,Silver Swan Soy Sauce,14.64112000,121.06610000,2026-07-18 22:06:15
887,29,3,Fita Crackers,14.64112000,121.06610000,2026-07-18 22:10:52
888,5,2,Wilkins Water,14.64112000,121.06610000,2026-07-18 22:31:44
889,1,2,Coca-Cola,14.64310000,121.06470000,2026-07-18 22:42:20
890,17,1,Lucky Me Pancit Canton,14.64310000,121.06470000,2026-07-18 22:43:50
891,8,1,Silver Swan Soy Sauce,14.64112000,121.06610000,2026-07-18 22:45:55
892,11,1,Lucky Me Pancit Canton,14.64310000,121.06470000,2026-07-19 07:24:16
893,14,5,Downy Fabric Conditioner,14.64067907,121.06565020,2026-07-19 07:58:28
894,1,1,Corned Beef,14.64310000,121.06470000,2026-07-19 08:17:26
895,23,1,Lucky Me Pancit Canton,14.64112000,121.06610000,2026-07-19 08:20:49
896,8,1,Corned Beef,14.64205000,121.06725000,2026-07-19 08:47:16
897,20,5,Ariel Sunrise Fresh,14.63985000,121.06490000,2026-07-19 09:04:56
898,20,5,Surf Detergent,14.64112000,121.06610000,2026-07-19 09:33:59
899,3,1,Silver Swan Soy Sauce,14.64112000,121.06610000,2026-07-19 10:28:09
900,2,5,Zonrox Bleach,14.64310000,121.06470000,2026-07-19 11:49:31
901,18,1,Silver Swan Soy Sauce,14.64205000,121.06725000,2026-07-19 11:49:39
902,28,3,Chippy,14.64310000,121.06470000,2026-07-19 11:51:51
903,22,3,Fita Crackers,14.63890000,121.06385000,2026-07-19 12:37:12
904,4,3,Chippy,14.63985000,121.06490000,2026-07-19 12:48:25
905,19,1,Cooking Oil,14.64310000,121.06470000,2026-07-19 13:16:01
906,25,3,Piattos Cheese,14.64112000,121.06610000,2026-07-19 13:24:40
907,14,4,Cream Silk,14.64205000,121.06725000,2026-07-19 13:28:15
908,24,1,Cooking Oil,14.64112000,121.06610000,2026-07-19 14:21:15
909,25,1,Cooking Oil,14.64067907,121.06565020,2026-07-19 14:31:00
910,27,2,Milo,14.64205000,121.06725000,2026-07-19 15:16:43
911,12,1,Silver Swan Soy Sauce,14.64205000,121.06725000,2026-07-19 15:58:40
912,15,1,Silver Swan Soy Sauce,14.64205000,121.06725000,2026-07-19 16:19:07
913,30,1,Lucky Me Pancit Canton,14.63985000,121.06490000,2026-07-19 16:26:56
914,9,1,Cooking Oil,14.64067907,121.06565020,2026-07-19 16:33:03
915,20,3,Chippy,14.64067907,121.06565020,2026-07-19 16:55:33
916,25,1,Lucky Me Pancit Canton,14.64067907,121.06565020,2026-07-19 17:20:49
917,1,2,Milo,14.63985000,121.06490000,2026-07-19 17:45:02
918,25,2,Sprite,14.64067907,121.06565020,2026-07-19 17:55:54
919,26,4,Head & Shoulders,14.63890000,121.06385000,2026-07-19 17:57:08
920,15,2,Sprite,14.64067907,121.06565020,2026-07-19 18:02:43
921,16,5,Zonrox Bleach,14.64205000,121.06725000,2026-07-19 18:03:13
922,16,5,Downy Fabric Conditioner,14.64205000,121.06725000,2026-07-19 18:10:06
923,11,3,Nova Multigrain,14.63985000,121.06490000,2026-07-19 18:15:39
924,14,5,Ariel Sunrise Fresh,14.64112000,121.06610000,2026-07-19 18:31:28
925,23,1,Silver Swan Soy Sauce,14.63985000,121.06490000,2026-07-19 18:33:42
926,19,2,Coca-Cola,14.63890000,121.06385000,2026-07-19 18:42:56
927,4,4,Colgate Toothpaste,14.64112000,121.06610000,2026-07-19 18:43:12
928,14,4,Colgate Toothpaste,14.64067907,121.06565020,2026-07-19 18:45:50
929,22,6,Ballpen,14.63890000,121.06385000,2026-07-19 19:01:43
930,16,1,Cooking Oil,14.64310000,121.06470000,2026-07-19 19:04:13
931,26,5,Surf Detergent,14.64112000,121.06610000,2026-07-19 19:10:12
932,12,2,Coca-Cola,14.64067907,121.06565020,2026-07-19 19:12:10
933,15,4,Safeguard Soap,14.63890000,121.06385000,2026-07-19 19:21:50
934,7,5,Downy Fabric Conditioner,14.63985000,121.06490000,2026-07-19 19:52:23
935,25,1,Corned Beef,14.64067907,121.06565020,2026-07-19 20:06:03
936,16,3,Chippy,14.64067907,121.06565020,2026-07-19 20:08:46
937,14,2,Coca-Cola,14.64310000,121.06470000,2026-07-19 20:09:35
938,27,3,Nova Multigrain,14.64310000,121.06470000,2026-07-19 20:22:20
939,30,2,Wilkins Water,14.64112000,121.06610000,2026-07-19 20:25:54
940,25,2,Milo,14.64310000,121.06470000,2026-07-19 20:42:03
941,17,2,Coca-Cola,14.64112000,121.06610000,2026-07-19 20:44:46
942,7,3,Fita Crackers,14.63985000,121.06490000,2026-07-19 20:48:41
943,13,2,Coca-Cola,14.64112000,121.06610000,2026-07-19 20:58:44
944,23,1,Lucky Me Pancit Canton,14.64112000,121.06610000,2026-07-19 21:06:10
945,5,1,Silver Swan Soy Sauce,14.64067907,121.06565020,2026-07-19 21:35:26
946,1,3,Chippy,14.63890000,121.06385000,2026-07-19 21:59:01
947,20,5,Downy Fabric Conditioner,14.63890000,121.06385000,2026-07-19 22:24:36
948,29,4,Head & Shoulders,14.63890000,121.06385000,2026-07-19 22:34:47
949,5,6,Ballpen,14.64112000,121.06610000,2026-07-19 22:59:36
950,30,3,Chippy,14.64112000,121.06610000,2026-07-20 07:09:48
951,29,1,Cooking Oil,14.64310000,121.06470000,2026-07-20 10:54:55
952,7,3,Piattos Cheese,14.63890000,121.06385000,2026-07-20 11:46:53
953,10,2,Milo,14.64067907,121.06565020,2026-07-20 12:05:53
954,8,5,Surf Detergent,14.64112000,121.06610000,2026-07-20 12:15:48
955,24,1,Lucky Me Pancit Canton,14.64205000,121.06725000,2026-07-20 12:52:15
956,26,3,Chippy,14.63890000,121.06385000,2026-07-20 13:20:13
957,25,4,Head & Shoulders,14.64067907,121.06565020,2026-07-20 13:39:31
958,26,2,Wilkins Water,14.64310000,121.06470000,2026-07-20 13:54:16
959,10,1,Silver Swan Soy Sauce,14.64310000,121.06470000,2026-07-20 14:06:50
960,29,5,Ariel Sunrise Fresh,14.64205000,121.06725000,2026-07-20 15:52:18
961,7,3,Nova Multigrain,14.63890000,121.06385000,2026-07-20 15:58:04
962,4,5,Ariel Sunrise Fresh,14.64112000,121.06610000,2026-07-20 16:03:38
963,1,2,Milo,14.64310000,121.06470000,2026-07-20 16:19:47
964,4,1,Corned Beef,14.64310000,121.06470000,2026-07-20 17:03:38
965,2,6,Aluminum Foil,14.64205000,121.06725000,2026-07-20 17:06:41
966,23,3,Piattos Cheese,14.64067907,121.06565020,2026-07-20 17:12:52
967,10,1,Silver Swan Soy Sauce,14.63890000,121.06385000,2026-07-20 17:22:02
968,27,1,Cooking Oil,14.63890000,121.06385000,2026-07-20 18:03:11
969,6,4,Head & Shoulders,14.64310000,121.06470000,2026-07-20 18:05:24
970,14,5,Zonrox Bleach,14.64067907,121.06565020,2026-07-20 18:05:56
971,19,5,Zonrox Bleach,14.64067907,121.06565020,2026-07-20 18:08:58
972,20,4,Cream Silk,14.64310000,121.06470000,2026-07-20 18:41:56
973,12,3,Chippy,14.63890000,121.06385000,2026-07-20 18:52:42
974,7,2,Wilkins Water,14.63890000,121.06385000,2026-07-20 19:23:54
975,29,6,Aluminum Foil,14.63985000,121.06490000,2026-07-20 19:28:31
976,17,3,Piattos Cheese,14.64112000,121.06610000,2026-07-20 19:35:16
977,9,3,Nova Multigrain,14.64205000,121.06725000,2026-07-20 19:37:25
978,4,2,Wilkins Water,14.64112000,121.06610000,2026-07-20 19:41:19
979,19,5,Ariel Sunrise Fresh,14.64067907,121.06565020,2026-07-20 19:42:04
980,3,3,Piattos Cheese,14.63985000,121.06490000,2026-07-20 19:48:03
981,18,1,Cooking Oil,14.64310000,121.06470000,2026-07-20 19:56:44
982,24,2,Sprite,14.64067907,121.06565020,2026-07-20 20:23:00
983,23,1,Lucky Me Pancit Canton,14.64310000,121.06470000,2026-07-20 20:24:38
984,16,4,Cream Silk,14.64205000,121.06725000,2026-07-20 20:26:55
985,16,2,Wilkins Water,14.64112000,121.06610000,2026-07-20 20:27:33
986,27,2,Sprite,14.63890000,121.06385000,2026-07-20 20:40:09
987,19,3,Piattos Cheese,14.63985000,121.06490000,2026-07-20 20:44:59
988,2,2,Sprite,14.64112000,121.06610000,2026-07-20 20:45:05
989,30,1,Lucky Me Pancit Canton,14.63985000,121.06490000,2026-07-20 20:45:18
990,8,1,Lucky Me Pancit Canton,14.64310000,121.06470000,2026-07-20 20:46:39
991,5,1,Cooking Oil,14.64112000,121.06610000,2026-07-20 20:48:08
992,5,1,Cooking Oil,14.63985000,121.06490000,2026-07-20 20:51:36
993,16,1,Cooking Oil,14.64112000,121.06610000,2026-07-20 21:03:02
994,19,2,Milo,14.64310000,121.06470000,2026-07-20 21:12:18
995,18,2,Sprite,14.63985000,121.06490000,2026-07-20 21:21:33
996,30,1,Corned Beef,14.64067907,121.06565020,2026-07-20 21:35:01
997,20,2,Sprite,14.64067907,121.06565020,2026-07-20 21:44:47
998,3,5,Surf Detergent,14.63985000,121.06490000,2026-07-20 22:04:45
999,20,6,Eveready Batteries,14.64310000,121.06470000,2026-07-20 22:51:49
1000,11,3,Nova Multigrain,14.64112000,121.06610000,2026-07-21 08:39:42
1001,1,2,Milo,14.64112000,121.06610000,2026-07-21 09:44:15
1002,10,1,Cooking Oil,14.63890000,121.06385000,2026-07-21 09:53:24
1003,3,2,Coca-Cola,14.64112000,121.06610000,2026-07-21 10:28:58
1004,15,4,Safeguard Soap,14.63985000,121.06490000,2026-07-21 12:14:14
1005,4,5,Surf Detergent,14.63890000,121.06385000,2026-07-21 12:22:41
1006,6,4,Colgate Toothpaste,14.64205000,121.06725000,2026-07-21 12:55:27
1007,23,2,Coca-Cola,14.64310000,121.06470000,2026-07-21 12:55:32
1008,2,6,Ballpen,14.64205000,121.06725000,2026-07-21 13:26:39
1009,2,3,Fita Crackers,14.64205000,121.06725000,2026-07-21 13:53:09
1010,30,1,Cooking Oil,14.63890000,121.06385000,2026-07-21 13:53:55
1011,28,4,Cream Silk,14.64067907,121.06565020,2026-07-21 14:04:13
1012,22,4,Head & Shoulders,14.64112000,121.06610000,2026-07-21 14:39:20
1013,4,2,Coca-Cola,14.63890000,121.06385000,2026-07-21 14:44:18
1014,18,1,Lucky Me Pancit Canton,14.63890000,121.06385000,2026-07-21 14:52:12
1015,3,2,Coca-Cola,14.64067907,121.06565020,2026-07-21 14:54:08
1016,23,3,Piattos Cheese,14.64310000,121.06470000,2026-07-21 15:20:43
1017,5,1,Lucky Me Pancit Canton,14.64310000,121.06470000,2026-07-21 15:42:22
1018,22,5,Downy Fabric Conditioner,14.64310000,121.06470000,2026-07-21 15:58:42
1019,8,2,Coca-Cola,14.63890000,121.06385000,2026-07-21 16:01:17
1020,22,5,Downy Fabric Conditioner,14.63890000,121.06385000,2026-07-21 16:43:28
1021,30,2,Sprite,14.64112000,121.06610000,2026-07-21 17:11:10
1022,24,4,Head & Shoulders,14.63890000,121.06385000,2026-07-21 17:25:25
1023,5,1,Cooking Oil,14.64112000,121.06610000,2026-07-21 18:04:46
1024,5,1,Cooking Oil,14.63890000,121.06385000,2026-07-21 18:44:32
1025,29,2,Sprite,14.64310000,121.06470000,2026-07-21 18:52:42
1026,18,2,Coca-Cola,14.64067907,121.06565020,2026-07-21 19:00:34
1027,14,3,Chippy,14.63890000,121.06385000,2026-07-21 19:05:18
1028,28,6,Aluminum Foil,14.64205000,121.06725000,2026-07-21 19:05:38
1029,12,1,Cooking Oil,14.64067907,121.06565020,2026-07-21 19:13:00
1030,15,2,Coca-Cola,14.63985000,121.06490000,2026-07-21 19:18:31
1031,6,2,Wilkins Water,14.64310000,121.06470000,2026-07-21 19:18:56
1032,23,5,Surf Detergent,14.64067907,121.06565020,2026-07-21 19:40:26
1033,19,2,Sprite,14.64205000,121.06725000,2026-07-21 19:48:32
1034,16,2,Wilkins Water,14.64310000,121.06470000,2026-07-21 19:53:03
1035,8,1,Corned Beef,14.64310000,121.06470000,2026-07-21 20:18:14
1036,7,3,Nova Multigrain,14.64112000,121.06610000,2026-07-21 20:41:57
1037,22,3,Fita Crackers,14.63985000,121.06490000,2026-07-21 20:56:50
1038,9,3,Fita Crackers,14.64067907,121.06565020,2026-07-21 21:10:09
1039,19,1,Silver Swan Soy Sauce,14.63890000,121.06385000,2026-07-21 22:21:33
1040,27,2,Milo,14.64205000,121.06725000,2026-07-21 22:39:20
1041,29,1,Lucky Me Pancit Canton,14.64067907,121.06565020,2026-07-22 07:03:28
1042,8,1,Silver Swan Soy Sauce,14.64112000,121.06610000,2026-07-22 07:55:17
1043,3,3,Nova Multigrain,14.64067907,121.06565020,2026-07-22 08:44:44
1044,9,1,Cooking Oil,14.63985000,121.06490000,2026-07-22 09:46:48
1045,27,2,Coca-Cola,14.63985000,121.06490000,2026-07-22 11:14:50
1046,30,1,Lucky Me Pancit Canton,14.63985000,121.06490000,2026-07-22 11:20:17
1047,30,3,Fita Crackers,14.63890000,121.06385000,2026-07-22 11:28:18
1048,16,1,Cooking Oil,14.64112000,121.06610000,2026-07-22 12:47:33
1049,15,3,Fita Crackers,14.64310000,121.06470000,2026-07-22 12:56:04
1050,4,1,Lucky Me Pancit Canton,14.63985000,121.06490000,2026-07-22 13:28:56
1051,10,2,Sprite,14.64067907,121.06565020,2026-07-22 13:31:08
1052,11,6,Eveready Batteries,14.64112000,121.06610000,2026-07-22 13:35:07
1053,23,3,Chippy,14.64310000,121.06470000,2026-07-22 13:51:00
1054,11,2,Coca-Cola,14.64205000,121.06725000,2026-07-22 14:06:07
1055,6,5,Zonrox Bleach,14.64310000,121.06470000,2026-07-22 15:03:40
1056,18,2,Milo,14.63985000,121.06490000,2026-07-22 15:04:25
1057,26,3,Fita Crackers,14.64067907,121.06565020,2026-07-22 15:14:23
1058,2,3,Fita Crackers,14.64205000,121.06725000,2026-07-22 15:29:46
1059,8,5,Zonrox Bleach,14.64112000,121.06610000,2026-07-22 15:46:06
1060,12,4,Cream Silk,14.64310000,121.06470000,2026-07-22 15:52:15
1061,17,1,Cooking Oil,14.64310000,121.06470000,2026-07-22 16:01:27
1062,13,6,Eveready Batteries,14.64205000,121.06725000,2026-07-22 17:11:19
1063,30,1,Lucky Me Pancit Canton,14.63985000,121.06490000,2026-07-22 17:16:20
1064,17,2,Coca-Cola,14.63890000,121.06385000,2026-07-22 17:54:11
1065,27,2,Coca-Cola,14.63890000,121.06385000,2026-07-22 18:43:54
1066,3,3,Piattos Cheese,14.64067907,121.06565020,2026-07-22 18:51:23
1067,17,1,Lucky Me Pancit Canton,14.63890000,121.06385000,2026-07-22 19:08:58
1068,7,3,Nova Multigrain,14.63890000,121.06385000,2026-07-22 19:16:07
1069,26,3,Fita Crackers,14.63890000,121.06385000,2026-07-22 19:18:57
1070,29,2,Milo,14.64067907,121.06565020,2026-07-22 19:33:42
1071,21,3,Fita Crackers,14.63890000,121.06385000,2026-07-22 19:48:48
1072,16,1,Lucky Me Pancit Canton,14.63985000,121.06490000,2026-07-22 20:14:32
1073,2,3,Piattos Cheese,14.63985000,121.06490000,2026-07-22 20:22:11
1074,15,2,Milo,14.64067907,121.06565020,2026-07-22 20:22:53
1075,7,2,Wilkins Water,14.64310000,121.06470000,2026-07-22 20:47:59
1076,9,5,Ariel Sunrise Fresh,14.63890000,121.06385000,2026-07-22 21:15:10
1077,10,3,Nova Multigrain,14.64067907,121.06565020,2026-07-22 21:16:45
1078,23,6,Eveready Batteries,14.63985000,121.06490000,2026-07-22 21:22:36
1079,17,4,Colgate Toothpaste,14.64310000,121.06470000,2026-07-22 21:40:26
1080,14,4,Head & Shoulders,14.64310000,121.06470000,2026-07-23 08:39:15
1081,6,1,Cooking Oil,14.64067907,121.06565020,2026-07-23 09:06:46
1082,15,2,Milo,14.63985000,121.06490000,2026-07-23 09:44:05
1083,27,5,Surf Detergent,14.64310000,121.06470000,2026-07-23 10:00:50
1084,8,5,Ariel Sunrise Fresh,14.63985000,121.06490000,2026-07-23 10:01:58
1085,17,1,Silver Swan Soy Sauce,14.63890000,121.06385000,2026-07-23 10:42:52
1086,22,5,Downy Fabric Conditioner,14.63890000,121.06385000,2026-07-23 11:48:51
1087,8,1,Lucky Me Pancit Canton,14.64067907,121.06565020,2026-07-23 11:52:22
1088,27,4,Cream Silk,14.63985000,121.06490000,2026-07-23 12:00:07
1089,19,2,Sprite,14.64067907,121.06565020,2026-07-23 12:05:44
1090,26,4,Head & Shoulders,14.64205000,121.06725000,2026-07-23 12:10:43
1091,13,6,Eveready Batteries,14.64067907,121.06565020,2026-07-23 12:54:52
1092,30,4,Colgate Toothpaste,14.63985000,121.06490000,2026-07-23 13:04:02
1093,21,1,Corned Beef,14.64310000,121.06470000,2026-07-23 13:51:03
1094,27,5,Downy Fabric Conditioner,14.64112000,121.06610000,2026-07-23 14:10:33
1095,6,1,Silver Swan Soy Sauce,14.64067907,121.06565020,2026-07-23 16:36:33
1096,21,1,Lucky Me Pancit Canton,14.63985000,121.06490000,2026-07-23 17:12:53
1097,23,5,Ariel Sunrise Fresh,14.64205000,121.06725000,2026-07-23 17:30:47
1098,22,3,Nova Multigrain,14.64067907,121.06565020,2026-07-23 17:42:11
1099,26,2,Milo,14.63985000,121.06490000,2026-07-23 17:45:59
1100,19,1,Cooking Oil,14.64205000,121.06725000,2026-07-23 18:00:20
1101,6,3,Chippy,14.64112000,121.06610000,2026-07-23 18:04:51
1102,8,5,Ariel Sunrise Fresh,14.64310000,121.06470000,2026-07-23 18:07:45
1103,16,4,Safeguard Soap,14.64205000,121.06725000,2026-07-23 18:22:39
1104,16,3,Nova Multigrain,14.64067907,121.06565020,2026-07-23 18:41:25
1105,24,2,Milo,14.64310000,121.06470000,2026-07-23 18:57:00
1106,6,2,Wilkins Water,14.64112000,121.06610000,2026-07-23 18:58:09
1107,29,2,Sprite,14.64310000,121.06470000,2026-07-23 19:00:27
1108,23,1,Corned Beef,14.63890000,121.06385000,2026-07-23 19:04:34
1109,18,1,Corned Beef,14.63890000,121.06385000,2026-07-23 19:18:41
1110,12,4,Cream Silk,14.64067907,121.06565020,2026-07-23 19:22:54
1111,6,1,Corned Beef,14.64112000,121.06610000,2026-07-23 19:28:24
1112,13,2,Wilkins Water,14.63985000,121.06490000,2026-07-23 19:47:11
1113,26,2,Wilkins Water,14.64205000,121.06725000,2026-07-23 19:59:25
1114,24,4,Head & Shoulders,14.64067907,121.06565020,2026-07-23 20:14:22
1115,30,3,Nova Multigrain,14.63890000,121.06385000,2026-07-23 20:49:22
1116,9,3,Nova Multigrain,14.64310000,121.06470000,2026-07-23 20:53:00
1117,29,3,Piattos Cheese,14.64112000,121.06610000,2026-07-23 21:14:07
1118,14,4,Cream Silk,14.64205000,121.06725000,2026-07-23 21:28:45
1119,5,3,Chippy,14.63890000,121.06385000,2026-07-23 22:00:52
1120,10,3,Chippy,14.63985000,121.06490000,2026-07-23 22:29:15
1121,11,3,Nova Multigrain,14.64205000,121.06725000,2026-07-23 22:34:34
1122,3,2,Sprite,14.63985000,121.06490000,2026-07-23 22:45:34
1123,11,3,Fita Crackers,14.64067907,121.06565020,2026-07-24 07:42:05
1124,24,1,Corned Beef,14.64067907,121.06565020,2026-07-24 08:19:03
1125,1,3,Fita Crackers,14.63985000,121.06490000,2026-07-24 09:07:39
1126,12,4,Colgate Toothpaste,14.64205000,121.06725000,2026-07-24 10:23:13
1127,20,5,Surf Detergent,14.64310000,121.06470000,2026-07-24 11:25:29
1128,1,1,Corned Beef,14.64112000,121.06610000,2026-07-24 11:37:53
1129,26,5,Zonrox Bleach,14.64205000,121.06725000,2026-07-24 11:56:18
1130,8,3,Piattos Cheese,14.64310000,121.06470000,2026-07-24 12:02:38
1131,20,3,Fita Crackers,14.64112000,121.06610000,2026-07-24 12:22:58
1132,19,2,Milo,14.64205000,121.06725000,2026-07-24 12:28:16
1133,29,1,Lucky Me Pancit Canton,14.63985000,121.06490000,2026-07-24 12:39:33
1134,25,2,Sprite,14.64205000,121.06725000,2026-07-24 12:46:42
1135,19,4,Cream Silk,14.64067907,121.06565020,2026-07-24 12:51:47
1136,5,1,Cooking Oil,14.64112000,121.06610000,2026-07-24 12:52:06
1137,7,1,Silver Swan Soy Sauce,14.64112000,121.06610000,2026-07-24 13:03:18
1138,8,5,Ariel Sunrise Fresh,14.64205000,121.06725000,2026-07-24 13:26:55
1139,11,1,Silver Swan Soy Sauce,14.64310000,121.06470000,2026-07-24 14:53:54
1140,27,2,Milo,14.63890000,121.06385000,2026-07-24 15:21:03
1141,17,2,Sprite,14.64205000,121.06725000,2026-07-24 16:15:02
1142,18,6,Hard Copy Bond Paper A4,14.64205000,121.06725000,2026-07-24 16:41:40
1143,25,1,Lucky Me Pancit Canton,14.63890000,121.06385000,2026-07-24 16:46:18
1144,10,2,Sprite,14.64205000,121.06725000,2026-07-24 16:47:49
1145,30,1,Lucky Me Pancit Canton,14.64205000,121.06725000,2026-07-24 16:59:00
1146,22,2,Wilkins Water,14.63890000,121.06385000,2026-07-24 17:19:54
1147,12,4,Cream Silk,14.63890000,121.06385000,2026-07-24 17:26:49
1148,14,6,Aluminum Foil,14.64112000,121.06610000,2026-07-24 17:40:32
1149,16,3,Fita Crackers,14.64205000,121.06725000,2026-07-24 18:06:59
1150,22,6,Aluminum Foil,14.63890000,121.06385000,2026-07-24 18:14:15
1151,1,3,Fita Crackers,14.64310000,121.06470000,2026-07-24 18:52:58
1152,30,2,Coca-Cola,14.64310000,121.06470000,2026-07-24 18:59:33
1153,18,2,Milo,14.63890000,121.06385000,2026-07-24 19:08:11
1154,2,2,Wilkins Water,14.64205000,121.06725000,2026-07-24 19:19:48
1155,25,3,Fita Crackers,14.64205000,121.06725000,2026-07-24 19:30:12
1156,23,4,Cream Silk,14.64112000,121.06610000,2026-07-24 19:51:21
1157,13,4,Colgate Toothpaste,14.63890000,121.06385000,2026-07-24 20:30:35
1158,20,2,Milo,14.64112000,121.06610000,2026-07-24 20:42:05
1159,28,5,Downy Fabric Conditioner,14.63985000,121.06490000,2026-07-24 20:44:59
1160,5,1,Corned Beef,14.63890000,121.06385000,2026-07-24 20:53:49
1161,20,3,Fita Crackers,14.64067907,121.06565020,2026-07-24 21:23:23
1162,6,3,Fita Crackers,14.64067907,121.06565020,2026-07-24 22:27:54
1163,4,2,Milo,14.63890000,121.06385000,2026-07-24 22:45:30
1164,4,3,Nova Multigrain,14.63890000,121.06385000,2026-07-25 07:21:44
1165,12,3,Chippy,14.64067907,121.06565020,2026-07-25 07:31:41
1166,7,3,Fita Crackers,14.64067907,121.06565020,2026-07-25 09:03:26
1167,30,4,Head & Shoulders,14.64067907,121.06565020,2026-07-25 09:41:19
1168,20,1,Corned Beef,14.63985000,121.06490000,2026-07-25 09:43:39
1169,21,1,Silver Swan Soy Sauce,14.64067907,121.06565020,2026-07-25 09:51:47
1170,30,3,Piattos Cheese,14.64112000,121.06610000,2026-07-25 11:13:34
1171,24,6,Hard Copy Bond Paper A4,14.63890000,121.06385000,2026-07-25 11:14:07
1172,16,1,Lucky Me Pancit Canton,14.64112000,121.06610000,2026-07-25 11:58:11
1173,29,2,Coca-Cola,14.63985000,121.06490000,2026-07-25 12:33:31
1174,29,3,Chippy,14.64310000,121.06470000,2026-07-25 12:43:55
1175,3,1,Silver Swan Soy Sauce,14.64112000,121.06610000,2026-07-25 12:46:13
1176,2,4,Cream Silk,14.63985000,121.06490000,2026-07-25 12:48:20
1177,14,1,Cooking Oil,14.64112000,121.06610000,2026-07-25 13:52:52
1178,22,3,Chippy,14.64205000,121.06725000,2026-07-25 14:00:39
1179,18,1,Cooking Oil,14.64112000,121.06610000,2026-07-25 14:16:03
1180,22,3,Piattos Cheese,14.63985000,121.06490000,2026-07-25 14:47:14
1181,16,3,Chippy,14.63890000,121.06385000,2026-07-25 14:56:14
1182,1,4,Safeguard Soap,14.63890000,121.06385000,2026-07-25 15:28:35
1183,14,3,Fita Crackers,14.63890000,121.06385000,2026-07-25 16:07:03
1184,23,5,Downy Fabric Conditioner,14.64067907,121.06565020,2026-07-25 16:13:07
1185,18,2,Wilkins Water,14.64310000,121.06470000,2026-07-25 16:13:56
1186,19,2,Coca-Cola,14.64067907,121.06565020,2026-07-25 16:23:12
1187,5,4,Safeguard Soap,14.64112000,121.06610000,2026-07-25 16:28:25
1188,21,5,Zonrox Bleach,14.64112000,121.06610000,2026-07-25 16:56:16
1189,3,3,Piattos Cheese,14.63985000,121.06490000,2026-07-25 17:16:51
1190,2,5,Surf Detergent,14.64310000,121.06470000,2026-07-25 17:19:57
1191,3,2,Wilkins Water,14.64067907,121.06565020,2026-07-25 17:39:35
1192,14,2,Coca-Cola,14.63985000,121.06490000,2026-07-25 17:39:44
1193,18,1,Silver Swan Soy Sauce,14.64112000,121.06610000,2026-07-25 17:44:12
1194,9,1,Lucky Me Pancit Canton,14.63890000,121.06385000,2026-07-25 17:49:51
1195,13,5,Surf Detergent,14.64067907,121.06565020,2026-07-25 17:56:42
1196,27,3,Piattos Cheese,14.64310000,121.06470000,2026-07-25 17:57:57
1197,26,1,Cooking Oil,14.64205000,121.06725000,2026-07-25 18:03:00
1198,20,3,Fita Crackers,14.63890000,121.06385000,2026-07-25 18:06:11
1199,22,2,Sprite,14.64067907,121.06565020,2026-07-25 18:06:22
1200,24,4,Colgate Toothpaste,14.64112000,121.06610000,2026-07-25 18:13:36
1201,12,3,Nova Multigrain,14.64205000,121.06725000,2026-07-25 18:33:15
1202,5,2,Sprite,14.64310000,121.06470000,2026-07-25 18:36:05
1203,9,4,Safeguard Soap,14.64205000,121.06725000,2026-07-25 18:36:36
1204,20,3,Nova Multigrain,14.63890000,121.06385000,2026-07-25 18:44:13
1205,18,2,Milo,14.64310000,121.06470000,2026-07-25 18:48:51
1206,18,3,Chippy,14.64067907,121.06565020,2026-07-25 18:50:26
1207,1,4,Safeguard Soap,14.64310000,121.06470000,2026-07-25 18:51:49
1208,29,3,Chippy,14.63985000,121.06490000,2026-07-25 18:54:33
1209,23,4,Head & Shoulders,14.64112000,121.06610000,2026-07-25 18:55:11
1210,26,2,Milo,14.63985000,121.06490000,2026-07-25 19:01:23
1211,28,2,Sprite,14.63985000,121.06490000,2026-07-25 19:01:24
1212,12,1,Cooking Oil,14.64310000,121.06470000,2026-07-25 19:03:32
1213,23,1,Cooking Oil,14.64112000,121.06610000,2026-07-25 19:13:22
1214,15,1,Corned Beef,14.64112000,121.06610000,2026-07-25 19:21:07
1215,9,2,Coca-Cola,14.63890000,121.06385000,2026-07-25 19:24:22
1216,12,3,Chippy,14.63985000,121.06490000,2026-07-25 19:34:23
1217,9,4,Safeguard Soap,14.64205000,121.06725000,2026-07-25 19:47:10
1218,22,3,Piattos Cheese,14.63890000,121.06385000,2026-07-25 19:47:30
1219,20,2,Milo,14.64067907,121.06565020,2026-07-25 19:51:48
1220,11,5,Zonrox Bleach,14.63890000,121.06385000,2026-07-25 19:59:18
1221,24,5,Zonrox Bleach,14.64205000,121.06725000,2026-07-25 20:07:55
1222,30,3,Chippy,14.64067907,121.06565020,2026-07-25 20:10:29
1223,29,2,Coca-Cola,14.64112000,121.06610000,2026-07-25 20:11:33
1224,6,2,Wilkins Water,14.64067907,121.06565020,2026-07-25 20:19:27
1225,13,1,Lucky Me Pancit Canton,14.64112000,121.06610000,2026-07-25 20:20:56
1226,23,4,Safeguard Soap,14.63985000,121.06490000,2026-07-25 20:21:53
1227,1,1,Lucky Me Pancit Canton,14.63890000,121.06385000,2026-07-25 20:26:19
1228,25,1,Corned Beef,14.64112000,121.06610000,2026-07-25 20:27:54
1229,28,1,Lucky Me Pancit Canton,14.64112000,121.06610000,2026-07-25 20:29:14
1230,20,2,Coca-Cola,14.63985000,121.06490000,2026-07-25 20:38:57
1231,25,3,Piattos Cheese,14.64205000,121.06725000,2026-07-25 20:46:02
1232,10,3,Nova Multigrain,14.63890000,121.06385000,2026-07-25 20:51:13
1233,6,3,Fita Crackers,14.64112000,121.06610000,2026-07-25 21:15:44
1234,2,1,Corned Beef,14.64310000,121.06470000,2026-07-25 21:24:09
1235,16,1,Silver Swan Soy Sauce,14.64112000,121.06610000,2026-07-25 21:27:50
1236,26,1,Lucky Me Pancit Canton,14.64310000,121.06470000,2026-07-25 21:43:34
1237,19,2,Sprite,14.64205000,121.06725000,2026-07-25 22:07:31
1238,21,4,Head & Shoulders,14.63890000,121.06385000,2026-07-25 22:15:28
1239,24,2,Milo,14.64067907,121.06565020,2026-07-25 22:24:41
1240,2,4,Colgate Toothpaste,14.64205000,121.06725000,2026-07-25 22:24:59
1241,14,2,Milo,14.63890000,121.06385000,2026-07-25 22:32:07
1242,8,3,Piattos Cheese,14.63890000,121.06385000,2026-07-26 07:14:43
1243,9,3,Fita Crackers,14.64205000,121.06725000,2026-07-26 08:07:12
1244,9,5,Ariel Sunrise Fresh,14.64067907,121.06565020,2026-07-26 09:01:55
1245,4,5,Zonrox Bleach,14.63985000,121.06490000,2026-07-26 09:30:00
1246,17,1,Corned Beef,14.64205000,121.06725000,2026-07-26 10:23:52
1247,4,4,Head & Shoulders,14.63985000,121.06490000,2026-07-26 11:02:01
1248,15,1,Cooking Oil,14.64205000,121.06725000,2026-07-26 11:28:28
1249,7,1,Corned Beef,14.63890000,121.06385000,2026-07-26 12:10:25
1250,8,5,Zonrox Bleach,14.64310000,121.06470000,2026-07-26 12:16:43
1251,17,2,Milo,14.63985000,121.06490000,2026-07-26 12:30:42
1252,11,2,Coca-Cola,14.63890000,121.06385000,2026-07-26 13:06:07
1253,4,2,Wilkins Water,14.63985000,121.06490000,2026-07-26 13:23:04
1254,22,5,Zonrox Bleach,14.63890000,121.06385000,2026-07-26 13:27:19
1255,1,1,Cooking Oil,14.64310000,121.06470000,2026-07-26 13:38:48
1256,11,6,Eveready Batteries,14.64067907,121.06565020,2026-07-26 13:57:42
1257,24,2,Milo,14.64205000,121.06725000,2026-07-26 14:14:04
1258,8,2,Wilkins Water,14.64067907,121.06565020,2026-07-26 14:26:09
1259,27,6,Eveready Batteries,14.64112000,121.06610000,2026-07-26 14:32:23
1260,14,6,Hard Copy Bond Paper A4,14.64067907,121.06565020,2026-07-26 14:52:30
1261,10,6,Hard Copy Bond Paper A4,14.63890000,121.06385000,2026-07-26 15:07:30
1262,11,3,Nova Multigrain,14.63985000,121.06490000,2026-07-26 15:32:36
1263,27,3,Nova Multigrain,14.64205000,121.06725000,2026-07-26 15:47:04
1264,26,3,Chippy,14.63890000,121.06385000,2026-07-26 16:06:49
1265,13,5,Zonrox Bleach,14.64067907,121.06565020,2026-07-26 16:07:50
1266,11,2,Milo,14.64112000,121.06610000,2026-07-26 16:15:46
1267,19,6,Ballpen,14.64205000,121.06725000,2026-07-26 16:56:26
1268,25,2,Milo,14.64112000,121.06610000,2026-07-26 17:20:22
1269,20,1,Cooking Oil,14.64205000,121.06725000,2026-07-26 17:34:47
1270,26,5,Zonrox Bleach,14.64112000,121.06610000,2026-07-26 18:05:39
1271,24,6,Eveready Batteries,14.63985000,121.06490000,2026-07-26 18:09:19
1272,15,4,Head & Shoulders,14.64067907,121.06565020,2026-07-26 18:21:05
1273,27,4,Colgate Toothpaste,14.64067907,121.06565020,2026-07-26 18:23:29
1274,3,2,Milo,14.64205000,121.06725000,2026-07-26 18:35:12
1275,19,6,Eveready Batteries,14.64112000,121.06610000,2026-07-26 18:41:18
1276,12,1,Cooking Oil,14.63890000,121.06385000,2026-07-26 18:54:40
1277,28,4,Safeguard Soap,14.63985000,121.06490000,2026-07-26 19:03:56
1278,23,2,Coca-Cola,14.63985000,121.06490000,2026-07-26 19:03:59
1279,3,1,Cooking Oil,14.64112000,121.06610000,2026-07-26 19:05:10
1280,12,1,Corned Beef,14.64310000,121.06470000,2026-07-26 19:06:24
1281,3,1,Lucky Me Pancit Canton,14.64112000,121.06610000,2026-07-26 19:06:40
1282,13,2,Coca-Cola,14.64112000,121.06610000,2026-07-26 19:13:04
1283,11,1,Cooking Oil,14.63890000,121.06385000,2026-07-26 19:23:08
1284,30,1,Lucky Me Pancit Canton,14.64205000,121.06725000,2026-07-26 19:25:18
1285,14,2,Coca-Cola,14.64067907,121.06565020,2026-07-26 19:28:45
1286,23,5,Zonrox Bleach,14.64112000,121.06610000,2026-07-26 19:50:13
1287,11,2,Coca-Cola,14.64205000,121.06725000,2026-07-26 19:58:12
1288,17,6,Ballpen,14.64310000,121.06470000,2026-07-26 19:59:01
1289,16,1,Lucky Me Pancit Canton,14.64310000,121.06470000,2026-07-26 20:04:34
1290,1,5,Surf Detergent,14.64205000,121.06725000,2026-07-26 20:05:18
1291,23,2,Wilkins Water,14.63985000,121.06490000,2026-07-26 20:07:01
1292,15,1,Silver Swan Soy Sauce,14.63985000,121.06490000,2026-07-26 20:13:31
1293,26,2,Sprite,14.64310000,121.06470000,2026-07-26 20:14:35
1294,6,4,Head & Shoulders,14.63985000,121.06490000,2026-07-26 20:31:05
1295,23,2,Coca-Cola,14.64112000,121.06610000,2026-07-26 20:40:23
1296,7,6,Hard Copy Bond Paper A4,14.63985000,121.06490000,2026-07-26 20:41:04
1297,2,5,Surf Detergent,14.64067907,121.06565020,2026-07-26 20:48:56
1298,8,1,Corned Beef,14.64205000,121.06725000,2026-07-26 20:54:02
1299,20,3,Piattos Cheese,14.64067907,121.06565020,2026-07-26 21:10:26
1300,14,4,Safeguard Soap,14.64205000,121.06725000,2026-07-26 21:16:51
1301,18,3,Piattos Cheese,14.64067907,121.06565020,2026-07-26 21:16:51
1302,19,5,Ariel Sunrise Fresh,14.63890000,121.06385000,2026-07-26 21:23:46
1303,23,4,Cream Silk,14.64310000,121.06470000,2026-07-26 21:29:00
1304,10,3,Chippy,14.64112000,121.06610000,2026-07-26 21:33:02
1305,13,2,Sprite,14.64067907,121.06565020,2026-07-26 21:46:37
1306,29,1,Cooking Oil,14.64205000,121.06725000,2026-07-26 22:50:00
1307,26,3,Piattos Cheese,14.64205000,121.06725000,2026-07-27 07:57:05
1308,29,6,Eveready Batteries,14.63890000,121.06385000,2026-07-27 08:16:44
1309,4,3,Nova Multigrain,14.64205000,121.06725000,2026-07-27 09:17:27
1310,26,4,Colgate Toothpaste,14.63890000,121.06385000,2026-07-27 10:29:46
1311,20,1,Corned Beef,14.64112000,121.06610000,2026-07-27 10:56:22
1312,22,5,Ariel Sunrise Fresh,14.64112000,121.06610000,2026-07-27 11:02:19
1313,20,4,Head & Shoulders,14.64112000,121.06610000,2026-07-27 11:27:23
1314,5,3,Nova Multigrain,14.64067907,121.06565020,2026-07-27 12:05:10
1315,18,3,Nova Multigrain,14.64205000,121.06725000,2026-07-27 12:57:01
1316,6,2,Wilkins Water,14.64067907,121.06565020,2026-07-27 13:08:51
1317,7,5,Ariel Sunrise Fresh,14.64205000,121.06725000,2026-07-27 13:10:04
1318,24,3,Fita Crackers,14.64067907,121.06565020,2026-07-27 14:43:46
1319,4,4,Head & Shoulders,14.63985000,121.06490000,2026-07-27 15:26:40
1320,21,2,Coca-Cola,14.64067907,121.06565020,2026-07-27 16:20:20
1321,26,3,Piattos Cheese,14.64310000,121.06470000,2026-07-27 16:20:46
1322,25,1,Lucky Me Pancit Canton,14.64112000,121.06610000,2026-07-27 16:21:06
1323,27,2,Sprite,14.64112000,121.06610000,2026-07-27 16:21:25
1324,9,2,Coca-Cola,14.64310000,121.06470000,2026-07-27 16:59:16
1325,14,2,Wilkins Water,14.64112000,121.06610000,2026-07-27 17:18:59
1326,16,4,Colgate Toothpaste,14.64112000,121.06610000,2026-07-27 17:19:26
1327,13,3,Fita Crackers,14.64310000,121.06470000,2026-07-27 17:32:51
1328,8,6,Eveready Batteries,14.63890000,121.06385000,2026-07-27 17:46:41
1329,11,1,Lucky Me Pancit Canton,14.64310000,121.06470000,2026-07-27 17:56:36
1330,10,3,Nova Multigrain,14.64205000,121.06725000,2026-07-27 18:03:37
1331,22,4,Head & Shoulders,14.64310000,121.06470000,2026-07-27 18:16:50
1332,1,2,Milo,14.63985000,121.06490000,2026-07-27 18:22:37
1333,15,1,Cooking Oil,14.64112000,121.06610000,2026-07-27 18:37:20
1334,19,2,Wilkins Water,14.64205000,121.06725000,2026-07-27 18:46:27
1335,16,2,Wilkins Water,14.64310000,121.06470000,2026-07-27 19:00:51
1336,30,4,Cream Silk,14.63985000,121.06490000,2026-07-27 19:15:23
1337,11,4,Head & Shoulders,14.63890000,121.06385000,2026-07-27 19:48:42
1338,12,1,Silver Swan Soy Sauce,14.64205000,121.06725000,2026-07-27 19:59:14
1339,10,4,Safeguard Soap,14.63985000,121.06490000,2026-07-27 20:05:15
1340,8,4,Colgate Toothpaste,14.64067907,121.06565020,2026-07-27 20:46:01
1341,11,3,Fita Crackers,14.64310000,121.06470000,2026-07-27 20:47:40
1342,11,1,Corned Beef,14.64112000,121.06610000,2026-07-27 20:53:09
1343,16,1,Corned Beef,14.64067907,121.06565020,2026-07-27 20:58:11
1344,28,4,Head & Shoulders,14.64067907,121.06565020,2026-07-27 21:14:44
1345,13,5,Downy Fabric Conditioner,14.63890000,121.06385000,2026-07-27 21:22:10
1346,10,1,Lucky Me Pancit Canton,14.64205000,121.06725000,2026-07-27 22:14:44
1347,10,3,Fita Crackers,14.64112000,121.06610000,2026-07-27 22:48:40
1348,27,3,Chippy,14.64310000,121.06470000,2026-07-28 10:29:43
1349,14,4,Colgate Toothpaste,14.64310000,121.06470000,2026-07-28 10:44:14
1350,30,4,Colgate Toothpaste,14.63985000,121.06490000,2026-07-28 11:08:50
1351,4,4,Colgate Toothpaste,14.64310000,121.06470000,2026-07-28 11:09:19
1352,7,2,Milo,14.64310000,121.06470000,2026-07-28 12:03:59
1353,23,3,Fita Crackers,14.63985000,121.06490000,2026-07-28 12:07:19
1354,2,2,Coca-Cola,14.63985000,121.06490000,2026-07-28 12:51:11
1355,4,1,Corned Beef,14.63985000,121.06490000,2026-07-28 12:55:29
1356,10,5,Ariel Sunrise Fresh,14.63890000,121.06385000,2026-07-28 13:02:29
1357,4,2,Sprite,14.64067907,121.06565020,2026-07-28 13:25:51
1358,21,1,Silver Swan Soy Sauce,14.64310000,121.06470000,2026-07-28 14:22:09
1359,24,4,Head & Shoulders,14.63890000,121.06385000,2026-07-28 14:30:23
1360,18,5,Zonrox Bleach,14.64067907,121.06565020,2026-07-28 15:25:35
1361,4,3,Nova Multigrain,14.64310000,121.06470000,2026-07-28 15:27:42
1362,7,5,Ariel Sunrise Fresh,14.63890000,121.06385000,2026-07-28 15:44:26
1363,30,3,Fita Crackers,14.64112000,121.06610000,2026-07-28 16:54:21
1364,29,1,Cooking Oil,14.63985000,121.06490000,2026-07-28 17:14:05
1365,9,5,Ariel Sunrise Fresh,14.64205000,121.06725000,2026-07-28 17:20:23
1366,17,3,Chippy,14.63985000,121.06490000,2026-07-28 17:30:07
1367,7,2,Coca-Cola,14.63890000,121.06385000,2026-07-28 17:31:02
1368,26,1,Cooking Oil,14.63890000,121.06385000,2026-07-28 17:45:06
1369,5,2,Wilkins Water,14.64310000,121.06470000,2026-07-28 18:21:10
1370,30,1,Silver Swan Soy Sauce,14.64067907,121.06565020,2026-07-28 18:28:07
1371,18,3,Chippy,14.63890000,121.06385000,2026-07-28 18:41:18
1372,2,5,Surf Detergent,14.64205000,121.06725000,2026-07-28 18:49:46
1373,11,4,Safeguard Soap,14.64112000,121.06610000,2026-07-28 19:13:08
1374,4,3,Chippy,14.63985000,121.06490000,2026-07-28 19:22:18
1375,18,1,Corned Beef,14.64310000,121.06470000,2026-07-28 19:48:09
1376,28,5,Downy Fabric Conditioner,14.64310000,121.06470000,2026-07-28 19:48:20
1377,16,2,Milo,14.63985000,121.06490000,2026-07-28 19:56:50
1378,30,4,Cream Silk,14.64205000,121.06725000,2026-07-28 20:23:24
1379,26,5,Zonrox Bleach,14.63890000,121.06385000,2026-07-28 20:24:21
1380,17,1,Lucky Me Pancit Canton,14.64310000,121.06470000,2026-07-28 20:34:34
1381,2,5,Downy Fabric Conditioner,14.64067907,121.06565020,2026-07-28 20:35:51
1382,26,3,Chippy,14.64205000,121.06725000,2026-07-28 20:41:01
1383,27,2,Wilkins Water,14.64112000,121.06610000,2026-07-28 20:49:45
1384,19,3,Chippy,14.63890000,121.06385000,2026-07-28 21:10:19
1385,6,2,Coca-Cola,14.64205000,121.06725000,2026-07-28 21:39:46
1386,24,3,Fita Crackers,14.64205000,121.06725000,2026-07-28 21:47:46
1387,2,3,Nova Multigrain,14.64205000,121.06725000,2026-07-28 22:24:48
1388,1,5,Ariel Sunrise Fresh,14.64067907,121.06565020,2026-07-28 22:46:03
1389,20,2,Milo,14.64067907,121.06565020,2026-07-28 22:47:15
1390,15,1,Silver Swan Soy Sauce,14.64310000,121.06470000,2026-07-29 07:30:41
1391,9,3,Piattos Cheese,14.64205000,121.06725000,2026-07-29 09:41:26
1392,4,2,Sprite,14.63985000,121.06490000,2026-07-29 10:20:42
1393,6,1,Silver Swan Soy Sauce,14.64067907,121.06565020,2026-07-29 10:27:43
1394,30,1,Lucky Me Pancit Canton,14.63985000,121.06490000,2026-07-29 11:22:26
1395,5,2,Milo,14.64067907,121.06565020,2026-07-29 12:33:06
1396,19,1,Corned Beef,14.64205000,121.06725000,2026-07-29 12:46:48
1397,12,4,Safeguard Soap,14.64205000,121.06725000,2026-07-29 13:13:36
1398,8,1,Corned Beef,14.64205000,121.06725000,2026-07-29 13:45:27
1399,14,1,Cooking Oil,14.64310000,121.06470000,2026-07-29 14:06:00
1400,9,1,Lucky Me Pancit Canton,14.64310000,121.06470000,2026-07-29 14:11:43
1401,26,5,Downy Fabric Conditioner,14.64067907,121.06565020,2026-07-29 15:18:50
1402,14,2,Wilkins Water,14.63985000,121.06490000,2026-07-29 16:28:01
1403,15,2,Milo,14.64310000,121.06470000,2026-07-29 17:26:55
1404,3,2,Wilkins Water,14.64205000,121.06725000,2026-07-29 18:07:21
1405,9,1,Lucky Me Pancit Canton,14.64310000,121.06470000,2026-07-29 18:22:02
1406,21,2,Milo,14.63890000,121.06385000,2026-07-29 18:37:52
1407,11,1,Cooking Oil,14.64112000,121.06610000,2026-07-29 18:44:18
1408,23,3,Nova Multigrain,14.64205000,121.06725000,2026-07-29 18:57:20
1409,9,3,Nova Multigrain,14.64205000,121.06725000,2026-07-29 18:58:42
1410,7,1,Corned Beef,14.64205000,121.06725000,2026-07-29 19:06:12
1411,28,3,Fita Crackers,14.64112000,121.06610000,2026-07-29 19:10:10
1412,24,1,Lucky Me Pancit Canton,14.64067907,121.06565020,2026-07-29 19:11:04
1413,18,3,Nova Multigrain,14.64067907,121.06565020,2026-07-29 19:28:53
1414,9,1,Silver Swan Soy Sauce,14.64310000,121.06470000,2026-07-29 19:30:22
1415,11,2,Wilkins Water,14.63985000,121.06490000,2026-07-29 19:36:38
1416,19,4,Colgate Toothpaste,14.64310000,121.06470000,2026-07-29 19:55:17
1417,30,1,Cooking Oil,14.64310000,121.06470000,2026-07-29 20:16:37
1418,30,1,Corned Beef,14.64205000,121.06725000,2026-07-29 20:26:25
1419,24,3,Fita Crackers,14.63985000,121.06490000,2026-07-29 20:31:54
1420,15,1,Lucky Me Pancit Canton,14.64205000,121.06725000,2026-07-29 20:35:22
1421,26,2,Coca-Cola,14.64205000,121.06725000,2026-07-29 20:50:03
1422,1,5,Zonrox Bleach,14.64067907,121.06565020,2026-07-29 20:53:47
1423,23,1,Cooking Oil,14.63890000,121.06385000,2026-07-29 20:54:50
1424,9,1,Silver Swan Soy Sauce,14.63890000,121.06385000,2026-07-29 22:22:15
1425,19,3,Piattos Cheese,14.63985000,121.06490000,2026-07-30 07:11:20
1426,29,1,Cooking Oil,14.64112000,121.06610000,2026-07-30 08:33:21
1427,12,2,Coca-Cola,14.64112000,121.06610000,2026-07-30 10:04:00
1428,25,5,Downy Fabric Conditioner,14.63890000,121.06385000,2026-07-30 10:30:19
1429,28,4,Colgate Toothpaste,14.64067907,121.06565020,2026-07-30 10:59:30
1430,1,1,Cooking Oil,14.64112000,121.06610000,2026-07-30 12:05:53
1431,16,5,Surf Detergent,14.64067907,121.06565020,2026-07-30 12:50:11
1432,18,1,Silver Swan Soy Sauce,14.64205000,121.06725000,2026-07-30 13:44:16
1433,3,1,Corned Beef,14.64112000,121.06610000,2026-07-30 14:00:06
1434,5,3,Piattos Cheese,14.63890000,121.06385000,2026-07-30 14:10:58
1435,16,5,Surf Detergent,14.64205000,121.06725000,2026-07-30 14:12:24
1436,2,5,Downy Fabric Conditioner,14.63985000,121.06490000,2026-07-30 14:49:00
1437,29,1,Lucky Me Pancit Canton,14.64112000,121.06610000,2026-07-30 16:20:48
1438,20,2,Sprite,14.64067907,121.06565020,2026-07-30 16:34:19
1439,11,1,Lucky Me Pancit Canton,14.64112000,121.06610000,2026-07-30 16:51:49
1440,10,1,Lucky Me Pancit Canton,14.64205000,121.06725000,2026-07-30 17:07:03
1441,9,2,Wilkins Water,14.64067907,121.06565020,2026-07-30 17:18:03
1442,5,6,Eveready Batteries,14.63985000,121.06490000,2026-07-30 17:19:51
1443,23,4,Cream Silk,14.64067907,121.06565020,2026-07-30 17:29:01
1444,28,3,Piattos Cheese,14.63985000,121.06490000,2026-07-30 17:35:19
1445,25,1,Silver Swan Soy Sauce,14.64205000,121.06725000,2026-07-30 17:37:55
1446,16,5,Ariel Sunrise Fresh,14.64310000,121.06470000,2026-07-30 17:52:13
1447,24,2,Sprite,14.64067907,121.06565020,2026-07-30 17:59:08
1448,30,1,Silver Swan Soy Sauce,14.63985000,121.06490000,2026-07-30 18:31:12
1449,10,5,Zonrox Bleach,14.64310000,121.06470000,2026-07-30 19:04:11
1450,17,1,Lucky Me Pancit Canton,14.64310000,121.06470000,2026-07-30 19:19:40
1451,15,3,Fita Crackers,14.64112000,121.06610000,2026-07-30 19:41:17
1452,23,3,Piattos Cheese,14.64205000,121.06725000,2026-07-30 19:59:44
1453,8,6,Eveready Batteries,14.63890000,121.06385000,2026-07-30 20:52:16
1454,6,3,Chippy,14.64067907,121.06565020,2026-07-30 21:44:58
1455,15,1,Cooking Oil,14.64112000,121.06610000,2026-07-30 22:29:28
1456,27,4,Head & Shoulders,14.64205000,121.06725000,2026-07-30 22:31:33
1457,21,1,Corned Beef,14.64067907,121.06565020,2026-07-31 07:08:46
1458,22,2,Coca-Cola,14.64310000,121.06470000,2026-07-31 10:12:25
1459,13,1,Corned Beef,14.64310000,121.06470000,2026-07-31 10:15:27
1460,17,3,Nova Multigrain,14.64112000,121.06610000,2026-07-31 10:17:51
1461,9,1,Cooking Oil,14.64067907,121.06565020,2026-07-31 11:20:21
1462,23,3,Nova Multigrain,14.63985000,121.06490000,2026-07-31 11:48:21
1463,1,2,Milo,14.64205000,121.06725000,2026-07-31 13:44:06
1464,26,3,Chippy,14.64067907,121.06565020,2026-07-31 14:03:08
1465,15,4,Head & Shoulders,14.64112000,121.06610000,2026-07-31 14:59:11
1466,23,1,Lucky Me Pancit Canton,14.64205000,121.06725000,2026-07-31 15:52:01
1467,17,6,Ballpen,14.64310000,121.06470000,2026-07-31 16:34:53
1468,23,2,Coca-Cola,14.63890000,121.06385000,2026-07-31 16:42:02
1469,4,2,Sprite,14.64112000,121.06610000,2026-07-31 16:59:54
1470,8,1,Corned Beef,14.64112000,121.06610000,2026-07-31 17:08:15
1471,16,4,Cream Silk,14.64205000,121.06725000,2026-07-31 17:17:40
1472,14,3,Nova Multigrain,14.64205000,121.06725000,2026-07-31 17:17:44
1473,25,5,Downy Fabric Conditioner,14.64112000,121.06610000,2026-07-31 17:21:22
1474,6,2,Milo,14.64067907,121.06565020,2026-07-31 17:38:28
1475,30,3,Nova Multigrain,14.64310000,121.06470000,2026-07-31 18:22:36
1476,18,4,Head & Shoulders,14.63985000,121.06490000,2026-07-31 18:33:51
1477,24,2,Milo,14.63985000,121.06490000,2026-07-31 18:47:43
1478,10,1,Silver Swan Soy Sauce,14.64205000,121.06725000,2026-07-31 18:52:15
1479,3,4,Head & Shoulders,14.64205000,121.06725000,2026-07-31 18:54:52
1480,19,5,Ariel Sunrise Fresh,14.64205000,121.06725000,2026-07-31 18:55:32
1481,4,3,Piattos Cheese,14.64067907,121.06565020,2026-07-31 18:55:48
1482,10,3,Nova Multigrain,14.64067907,121.06565020,2026-07-31 18:59:23
1483,29,5,Downy Fabric Conditioner,14.64310000,121.06470000,2026-07-31 19:21:41
1484,3,3,Piattos Cheese,14.64067907,121.06565020,2026-07-31 19:30:50
1485,22,1,Cooking Oil,14.64067907,121.06565020,2026-07-31 19:36:00
1486,6,1,Lucky Me Pancit Canton,14.63985000,121.06490000,2026-07-31 19:47:11
1487,15,1,Cooking Oil,14.64112000,121.06610000,2026-07-31 19:57:02
1488,10,3,Piattos Cheese,14.63890000,121.06385000,2026-07-31 20:13:38
1489,29,2,Sprite,14.63985000,121.06490000,2026-07-31 20:22:56
1490,9,2,Coca-Cola,14.64205000,121.06725000,2026-07-31 20:26:59
1491,18,3,Piattos Cheese,14.63985000,121.06490000,2026-07-31 20:37:01
1492,2,1,Lucky Me Pancit Canton,14.64067907,121.06565020,2026-07-31 20:48:36
1493,15,1,Silver Swan Soy Sauce,14.63890000,121.06385000,2026-07-31 20:51:34
1494,8,4,Colgate Toothpaste,14.64310000,121.06470000,2026-07-31 21:00:38
1495,23,3,Nova Multigrain,14.63985000,121.06490000,2026-07-31 21:07:33
1496,28,5,Ariel Sunrise Fresh,14.64205000,121.06725000,2026-07-31 21:07:41
1497,13,3,Fita Crackers,14.63985000,121.06490000,2026-07-31 21:16:16
1498,13,5,Downy Fabric Conditioner,14.64310000,121.06470000,2026-07-31 21:17:55
1499,23,5,Zonrox Bleach,14.64067907,121.06565020,2026-07-31 21:47:54
1500,5,3,Fita Crackers,14.64067907,121.06565020,2026-07-31 21:50:52
